RNK,PLAYER,TEAM,POS,C/A,YDS,TD,INT,RUSH,YDS,TD,REC,YDS,TD,PTS
1,Adrian Peterson,Min,RB,0/0,0,0,0,328,1692,13,39,308,1,279
2,Arian Foster,Hou,RB,0/0,0,0,0,319,1354,13,44,406,2,261
3,Marshawn Lynch,Sea,RB,0/0,0,0,0,298,1439,12,20,165,1,233
4,Ray Rice,Bal,RB,0/0,0,0,0,265,1190,9,58,498,2,232
5,Doug Martin,TB,RB,0/0,0,0,0,308,1294,8,58,470,1,226
6,Jamaal Charles,KC,RB,0/0,0,0,0,247,1499,4,51,474,2,228
7,C.J. Spiller,Buf,RB,0/0,0,0,0,252,1498,5,40,429,2,227
8,Trent Richardson,Cle,RB,0/0,0,0,0,295,1251,10,48,374,1,226
9,Alfred Morris,Wsh,RB,0/0,0,0,0,318,1497,11,14,101,0,219
10,Calvin Johnson,Det,WR,0/0,0,0,0,2,15,0,103,1698,12,236
11,LeSean McCoy,Phi,RB,0/0,0,0,0,233,1120,4,67,529,3,200
12,Aaron Rodgers,GB,QB,360/540,4279,39,7,53,271,3,0,0,0,352
13,A.J. Green,Cin,WR,0/0,0,0,0,4,37,0,91,1287,12,201
14,Drew Brees,NO,QB,427/660,5170,40,18,14,7,1,0,0,0,334
15,Steven Jackson,Atl,RB,0/0,0,0,0,226,976,9,47,371,1,192
16,Dez Bryant,Dal,WR,0/0,0,0,0,1,3,0,97,1405,11,202
17,Matt Forte,Chi,RB,0/0,0,0,0,236,1043,4,52,448,2,182
18,Stevan Ridley,NE,RB,0/0,0,0,0,276,1247,10,5,37,0,181
19,Peyton Manning,Den,QB,400/602,4870,38,13,20,4,1,0,0,0,324
20,Brandon Marshall,Chi,WR,0/0,0,0,0,1,3,0,109,1365,10,196
21,Frank Gore,SF,RB,0/0,0,0,0,236,1102,8,25,187,1,178
22,Julio Jones,Atl,WR,0/0,0,0,0,6,64,0,78,1227,10,186
23,Chris Johnson,Ten,RB,0/0,0,0,0,256,1198,5,34,292,0,172
24,Demaryius Thomas,Den,WR,0/0,0,0,0,0,0,0,83,1249,10,180
25,Tom Brady,NE,QB,393/605,4765,34,8,23,57,2,0,0,0,325
26,Roddy White,Atl,WR,0/0,0,0,0,0,0,0,95,1290,8,177
27,Maurice Jones-Drew,Jac,RB,0/0,0,0,0,237,1042,6,36,288,1,172
28,Vincent Jackson,TB,WR,0/0,0,0,0,0,0,0,69,1334,7,175
29,Jimmy Graham,NO,TE,0/0,0,0,0,0,0,0,94,1167,10,174
30,Andre Johnson,Hou,WR,0/0,0,0,0,0,0,0,103,1412,6,177
31,Cam Newton,Car,QB,296/497,3883,20,13,120,726,8,0,0,0,323
32,David Wilson,NYG,RB,0/0,0,0,0,222,1067,4,27,267,2,164
33,Randall Cobb,GB,WR,0/0,0,0,0,15,133,0,99,1186,7,171
34,Darren McFadden,Oak,RB,0/0,0,0,0,216,1088,5,40,306,1,168
35,Larry Fitzgerald,Ari,WR,0/0,0,0,0,0,0,0,79,1256,7,167
36,Wes Welker,Den,WR,0/0,0,0,0,2,16,0,92,1170,6,154
37,Montee Ball,Den,RB,0/0,0,0,0,247,1037,8,14,98,1,162
38,Victor Cruz,NYG,WR,0/0,0,0,0,0,0,0,80,1043,8,152
39,Darren Sproles,NO,RB,0/0,0,0,0,59,313,2,83,696,7,154
40,Marques Colston,NO,WR,0/0,0,0,0,0,0,0,77,1065,8,150
41,Rob Gronkowski,NE,TE,0/0,0,0,0,0,0,0,70,978,13,173
42,Reggie Wayne,Ind,WR,0/0,0,0,0,0,0,0,96,1210,5,149
43,Mike Wallace,Mia,WR,0/0,0,0,0,5,47,0,70,1108,7,154
44,Matt Ryan,Atl,QB,402/610,4737,33,11,30,130,1,0,0,0,314
45,DeMarco Murray,Dal,RB,0/0,0,0,0,197,975,5,37,289,0,151
46,Colin Kaepernick,SF,QB,282/450,3833,20,10,109,590,7,0,0,0,306
47,Danny Amendola,NE,WR,0/0,0,0,0,2,21,0,74,754,7,115
48,Hakeem Nicks,NYG,WR,0/0,0,0,0,0,0,0,60,884,6,124
49,Robert Griffin III,Wsh,QB,237/377,3067,17,7,94,624,6,0,0,0,268
50,Steve Smith,Car,WR,0/0,0,0,0,4,43,0,74,1117,4,137
51,Chris Ivory,NYJ,RB,0/0,0,0,0,166,855,7,9,57,0,128
52,Reggie Bush,Det,RB,0/0,0,0,0,163,703,2,74,610,3,155
53,Eric Decker,Den,WR,0/0,0,0,0,0,0,0,68,883,8,134
54,Dwayne Bowe,KC,WR,0/0,0,0,0,0,0,0,78,982,6,132
55,Ryan Mathews,SD,RB,0/0,0,0,0,199,915,3,38,298,1,140
56,James Jones,GB,WR,0/0,0,0,0,0,0,0,80,1045,7,146
57,Tony Gonzalez,Atl,TE,0/0,0,0,0,0,0,0,89,856,8,133
58,Eddie Lacy,GB,RB,0/0,0,0,0,225,967,7,18,133,0,147
59,Antonio Brown,Pit,WR,0/0,0,0,0,6,42,0,72,980,6,134
60,Lamar Miller,Mia,RB,0/0,0,0,0,198,905,5,27,220,0,138
61,Jason Witten,Dal,TE,0/0,0,0,0,0,0,0,98,936,5,123
62,Jordy Nelson,GB,WR,0/0,0,0,0,0,0,0,66,1003,6,134
63,Le'Veon Bell,Pit,RB,0/0,0,0,0,189,784,6,33,233,0,133
64,Pierre Garcon,Wsh,WR,0/0,0,0,0,2,18,0,63,889,6,123
65,Matthew Stafford,Det,QB,446/707,4975,28,16,22,91,1,0,0,0,288
66,Ahmad Bradshaw,Ind,RB,0/0,0,0,0,154,654,6,34,233,1,128
67,Cecil Shorts,Jac,WR,0/0,0,0,0,0,0,0,63,970,6,131
68,DeSean Jackson,Phi,WR,0/0,0,0,0,11,55,0,62,995,5,130
69,Russell Wilson,Sea,QB,281/437,3150,26,13,101,526,5,0,0,0,280
70,Vernon Davis,SF,TE,0/0,0,0,0,0,0,0,70,785,6,114
71,Torrey Smith,Bal,WR,0/0,0,0,0,3,24,0,64,946,7,138
72,Greg Jennings,Min,WR,0/0,0,0,0,0,0,0,68,806,7,122
73,DeAngelo Williams,Car,RB,0/0,0,0,0,181,779,5,24,195,1,128
74,Tavon Austin,StL,WR,0/0,0,0,0,12,78,0,53,823,5,119
75,Anquan Boldin,SF,WR,0/0,0,0,0,1,12,0,70,887,6,125
76,Andrew Luck,Ind,QB,372/613,4061,26,12,70,289,3,0,0,0,280
77,Giovani Bernard,Cin,RB,0/0,0,0,0,140,704,3,46,390,1,129
78,Steve Johnson,Buf,WR,0/0,0,0,0,0,0,0,80,1008,5,128
79,BenJarvus Green-Ellis,Cin,RB,0/0,0,0,0,217,846,6,14,98,0,127
80,Rashard Mendenhall,Ari,RB,0/0,0,0,0,208,806,6,19,137,1,133
81,Sidney Rice,Sea,WR,0/0,0,0,0,0,0,0,61,940,7,134
82,Tony Romo,Dal,QB,417/627,4756,30,15,25,40,1,0,0,0,284
83,Kyle Rudolph,Min,TE,0/0,0,0,0,0,0,0,52,503,8,98
84,Shane Vereen,NE,RB,0/0,0,0,0,132,587,4,48,386,2,128
85,T.Y. Hilton,Ind,WR,0/0,0,0,0,6,21,0,56,902,6,126
86,Miles Austin,Dal,WR,0/0,0,0,0,0,0,0,57,840,6,118
87,Vick Ballard,Ind,RB,0/0,0,0,0,162,630,6,14,90,0,106
88,Mike Williams,TB,WR,0/0,0,0,0,0,0,0,63,954,5,123
89,Andre Brown,NYG,RB,0/0,0,0,0,111,543,7,17,117,1,113
90,Owen Daniels,Hou,TE,0/0,0,0,0,0,0,0,58,702,5,98
91,Lance Moore,NO,WR,0/0,0,0,0,0,0,0,61,758,7,117
92,Mark Ingram,NO,RB,0/0,0,0,0,167,655,5,12,81,0,103
93,Greg Olsen,Car,TE,0/0,0,0,0,0,0,0,63,747,5,102
94,Eli Manning,NYG,QB,318/532,4037,25,17,30,31,1,0,0,0,232
95,Daryl Richardson,StL,RB,0/0,0,0,0,161,706,2,38,289,1,110
96,Antonio Gates,SD,TE,0/0,0,0,0,0,0,0,50,573,7,99
97,Ben Roethlisberger,Pit,QB,287/449,3275,25,9,31,101,1,0,0,0,221
98,Kenny Britt,Ten,WR,0/0,0,0,0,0,0,0,41,656,5,93
99,Mikel Leshoure,Det,RB,0/0,0,0,0,137,514,7,19,124,0,101
100,Emmanuel Sanders,Pit,WR,0/0,0,0,0,3,14,0,67,877,4,110
101,Denarius Moore,Oak,WR,0/0,0,0,0,4,17,0,58,809,6,115
102,Isaiah Pead,StL,RB,0/0,0,0,0,110,502,3,10,98,1,81
103,Seahawks D/ST,Seahawks,D/ST,0/0,0,0,0,0,0,0,0,0,0,171
104,Bryce Brown,Phi,RB,0/0,0,0,0,120,556,3,12,89,0,75
105,Chris Givens,StL,WR,0/0,0,0,0,4,24,0,57,934,4,117
106,Brandon Myers,NYG,TE,0/0,0,0,0,0,0,0,73,685,5,98
107,Josh Gordon,Cle,WR,0/0,0,0,0,0,0,0,51,901,5,118
108,Vincent Brown,SD,WR,0/0,0,0,0,0,0,0,59,723,6,108
109,Bernard Pierce,Bal,RB,0/0,0,0,0,115,539,2,6,46,0,69
110,Michael Floyd,Ari,WR,0/0,0,0,0,0,0,0,53,686,3,84
111,Joe Flacco,Bal,QB,320/525,3892,21,11,32,27,1,0,0,0,215
112,Jonathan Stewart,Car,RB,0/0,0,0,0,96,434,3,17,140,0,73
113,49ers D/ST,49ers,D/ST,0/0,0,0,0,0,0,0,0,0,0,177
114,Golden Tate,Sea,WR,0/0,0,0,0,4,25,0,53,687,7,112
115,Jared Cook,StL,TE,0/0,0,0,0,0,0,0,51,662,5,94
116,Fred Jackson,Buf,RB,0/0,0,0,0,97,387,3,19,118,1,69
117,Ben Tate,Hou,RB,0/0,0,0,0,110,487,3,8,62,0,70
118,Michael Vick,Phi,QB,225/378,2676,18,13,70,417,2,0,0,0,198
119,Ronnie Hillman,Den,RB,0/0,0,0,0,114,516,1,25,191,2,86
120,Malcom Floyd,SD,WR,0/0,0,0,0,0,0,0,43,696,5,99
121,Rueben Randle,NYG,WR,0/0,0,0,0,0,0,0,54,774,5,105
122,Texans D/ST,Texans,D/ST,0/0,0,0,0,0,0,0,0,0,0,166
123,Ryan Broyles,Det,WR,0/0,0,0,0,0,0,0,75,879,4,107
124,Johnathan Franklin,GB,RB,0/0,0,0,0,100,469,2,20,160,2,84
125,Kendall Wright,Ten,WR,0/0,0,0,0,0,0,0,70,846,5,112
126,Jermichael Finley,GB,TE,0/0,0,0,0,0,0,0,65,743,4,98
127,Jacquizz Rodgers,Atl,RB,0/0,0,0,0,91,396,1,41,345,1,83
128,Sam Bradford,StL,QB,322/531,3523,23,14,37,104,0,0,0,0,206
129,Shonn Greene,Ten,RB,0/0,0,0,0,110,430,6,8,59,0,80
130,Bears D/ST,Bears,D/ST,0/0,0,0,0,0,0,0,0,0,0,160
131,Bilal Powell,NYJ,RB,0/0,0,0,0,120,481,4,16,102,0,80
132,DeAndre Hopkins,Hou,WR,0/0,0,0,0,0,0,0,42,562,5,86
133,Broncos D/ST,Broncos,D/ST,0/0,0,0,0,0,0,0,0,0,0,140
134,Alshon Jeffery,Chi,WR,0/0,0,0,0,0,0,0,52,765,3,92
135,Martellus Bennett,Chi,TE,0/0,0,0,0,0,0,0,48,573,6,93
136,Andy Dalton,Cin,QB,307/520,3446,24,16,36,131,1,0,0,0,210
137,Michael Bush,Chi,RB,0/0,0,0,0,120,458,6,6,35,0,82
138,Andre Roberts,Ari,WR,0/0,0,0,0,3,21,0,57,678,3,87
139,Bengals D/ST,Bengals,D/ST,0/0,0,0,0,0,0,0,0,0,0,125
140,Brandon Pettigrew,Det,TE,0/0,0,0,0,0,0,0,56,547,5,82
141,Roy Helu,Wsh,RB,0/0,0,0,0,70,311,1,41,278,2,74
142,Brian Hartline,Mia,WR,0/0,0,0,0,0,0,0,46,657,3,81
143,Patriots D/ST,Patriots,D/ST,0/0,0,0,0,0,0,0,0,0,0,136
144,Robert Turbin,Sea,RB,0/0,0,0,0,97,420,3,14,89,0,68
145,Zac Stacy,StL,RB,0/0,0,0,0,93,419,4,8,51,0,68
146,Steelers D/ST,Steelers,D/ST,0/0,0,0,0,0,0,0,0,0,0,136
147,Rams D/ST,Rams,D/ST,0/0,0,0,0,0,0,0,0,0,0,123
148,Packers D/ST,Packers,D/ST,0/0,0,0,0,0,0,0,0,0,0,126
149,Stephen Gostkowski,NE,K,0/0,0,0,0,0,0,0,0,0,0,157
150,Blair Walsh,Min,K,0/0,0,0,0,0,0,0,0,0,0,157
151,Matt Bryant,Atl,K,0/0,0,0,0,0,0,0,0,0,0,150
152,Justin Tucker,Bal,K,0/0,0,0,0,0,0,0,0,0,0,148
153,Matt Prater,Den,K,0/0,0,0,0,0,0,0,0,0,0,144
154,Phil Dawson,SF,K,0/0,0,0,0,0,0,0,0,0,0,144
155,Randy Bullock,Hou,K,0/0,0,0,0,0,0,0,0,0,0,141
156,Josh Brown,NYG,K,0/0,0,0,0,0,0,0,0,0,0,137
157,Sebastian Janikowski,Oak,K,0/0,0,0,0,0,0,0,0,0,0,137
158,David Akers,Det,K,0/0,0,0,0,0,0,0,0,0,0,134
159,Justin Blackmon,Jac,WR,0/0,0,0,0,2,20,0,47,601,3,78
160,Jay Cutler,Chi,QB,278/456,3141,21,14,40,232,1,0,0,0,200
161,Daniel Thomas,Mia,RB,0/0,0,0,0,99,388,3,11,72,0,61
162,Greg Little,Cle,WR,0/0,0,0,0,2,16,0,49,567,3,75
163,Mike Tolbert,Car,RB,0/0,0,0,0,48,176,5,25,198,0,66
164,Pierre Thomas,NO,RB,0/0,0,0,0,94,422,0,40,327,1,78
165,Austin Collie,SF,WR,0/0,0,0,0,0,0,0,48,523,5,82
166,Danny Woodhead,SD,RB,0/0,0,0,0,74,365,0,45,391,1,79
167,Brandon Lloyd,FA,WR,0/0,0,0,0,0,0,0,49,658,5,95
168,Josh Freeman,TB,QB,298/550,3771,24,17,41,149,0,0,0,0,218
169,Carson Palmer,Ari,QB,321/535,4087,25,18,20,21,0,0,0,0,221
170,Kendall Hunter,SF,RB,0/0,0,0,0,105,472,2,9,58,0,62
171,Isaac Redman,Pit,RB,0/0,0,0,0,80,306,2,15,123,0,50
172,Fred Davis,Wsh,TE,0/0,0,0,0,0,0,0,45,605,3,78
173,Marcel Reece,Oak,RB,0/0,0,0,0,47,208,0,56,482,1,72
174,Santana Moss,Wsh,WR,0/0,0,0,0,3,12,0,42,533,3,70
175,Matt Schaub,Hou,QB,354/570,4117,23,12,20,7,0,0,0,0,230
176,Michael Turner,FA,RB,0/0,0,0,0,98,371,6,4,25,0,73
177,Jacoby Jones,Bal,WR,0/0,0,0,0,3,18,0,48,620,3,77
178,Philip Rivers,SD,QB,352/552,3789,26,16,25,35,0,0,0,0,216
179,Christine Michael,Sea,RB,0/0,0,0,0,53,239,3,12,91,0,48
180,Ryan Tannehill,Mia,QB,283/477,3249,18,11,49,227,2,0,0,0,205
181,Ryan Williams,Ari,RB,0/0,0,0,0,55,265,2,13,98,1,49
182,Coby Fleener,Ind,TE,0/0,0,0,0,0,0,0,40,467,4,68
183,Darrius Heyward-Bey,Ind,WR,0/0,0,0,0,2,18,0,37,530,3,70
184,Justin Forsett,Jac,RB,0/0,0,0,0,74,359,1,10,89,0,49
185,Robert Woods,Buf,WR,0/0,0,0,0,3,24,0,41,514,3,69
186,Aaron Dobson,NE,WR,0/0,0,0,0,0,0,0,41,454,4,67
187,Lance Dunbar,Dal,RB,0/0,0,0,0,80,351,2,10,61,1,59
188,Jordan Cameron,Cle,TE,0/0,0,0,0,0,0,0,53,599,2,69
189,Kenbrell Thompkins,NE,WR,0/0,0,0,0,0,0,0,47,521,2,62
190,Ed Dickson,Bal,TE,0/0,0,0,0,0,0,0,42,456,4,67
191,Jeremy Kerley,NYJ,WR,0/0,0,0,0,1,21,0,64,754,2,83
192,Ravens D/ST,Ravens,D/ST,0/0,0,0,0,0,0,0,0,0,0,117
193,Joseph Randle,Dal,RB,0/0,0,0,0,60,279,1,25,187,1,53
194,Braylon Edwards,NYJ,WR,0/0,0,0,0,0,0,0,41,512,5,79
195,Santonio Holmes,NYJ,WR,0/0,0,0,0,0,0,0,32,412,3,57
196,Cowboys D/ST,Cowboys,D/ST,0/0,0,0,0,0,0,0,0,0,0,120
197,Nate Burleson,Det,WR,0/0,0,0,0,4,14,0,58,596,2,68
198,Mike Gillislee,Mia,RB,0/0,0,0,0,62,301,1,16,126,0,48
199,Dwayne Allen,Ind,TE,0/0,0,0,0,0,0,0,35,434,4,65
200,LaMichael James,SF,RB,0/0,0,0,0,41,190,3,15,105,1,51
201,Brandon LaFell,Car,WR,0/0,0,0,0,2,23,0,45,644,2,76
202,Andrew Hawkins,Cin,WR,0/0,0,0,0,6,27,0,52,554,2,69
203,Dan Bailey,Dal,K,0/0,0,0,0,0,0,0,0,0,0,134
204,Toby Gerhart,Min,RB,0/0,0,0,0,71,287,1,20,145,1,52
205,Greg Zuerlein,StL,K,0/0,0,0,0,0,0,0,0,0,0,130
206,Jonathan Dwyer,Pit,RB,0/0,0,0,0,62,243,1,11,76,0,37
207,Rashad Jennings,Oak,RB,0/0,0,0,0,85,372,1,18,130,0,52
208,Knowshon Moreno,Den,RB,0/0,0,0,0,51,213,1,12,78,0,34
209,Knile Davis,KC,RB,0/0,0,0,0,77,314,2,8,56,0,44
210,Jermaine Gresham,Cin,TE,0/0,0,0,0,0,0,0,46,533,3,69
211,Rob Housler,Ari,TE,0/0,0,0,0,0,0,0,52,510,2,63
212,Evan Royster,Wsh,RB,0/0,0,0,0,40,165,0,17,128,0,28
213,Brian Quick,StL,WR,0/0,0,0,0,0,0,0,41,571,2,67
214,Alex Smith,KC,QB,217/361,2466,17,6,41,147,1,0,0,0,170
215,DuJuan Harris,GB,RB,0/0,0,0,0,43,205,1,5,47,0,30
216,Tyler Eifert,Cin,TE,0/0,0,0,0,0,0,0,41,529,2,64
217,Cordarrelle Patterson,Min,WR,0/0,0,0,0,3,25,0,24,388,3,58
218,Keenan Allen,SD,WR,0/0,0,0,0,3,18,0,32,389,3,55
219,Justin Hunter,Ten,WR,0/0,0,0,0,0,0,0,30,426,3,58
220,Chris Polk,Phi,RB,0/0,0,0,0,40,205,0,6,35,0,23
221,Rod Streater,Oak,WR,0/0,0,0,0,0,0,0,41,498,3,65
222,Stephen Hill,NYJ,WR,0/0,0,0,0,0,0,0,27,356,3,51
223,Brandon Jackson,Cle,RB,0/0,0,0,0,37,154,1,14,121,1,37
224,Willis McGahee,FA,RB,0/0,0,0,0,85,363,2,11,76,0,53
225,Jarius Wright,Min,WR,0/0,0,0,0,5,37,0,48,492,1,56
226,Julian Edelman,NE,WR,0/0,0,0,0,4,45,0,44,488,2,62
227,Eddie Royal,SD,WR,0/0,0,0,0,2,14,0,43,506,2,63
228,Beanie Wells,FA,RB,0/0,0,0,0,65,261,2,3,17,0,37
229,Davone Bess,Cle,WR,0/0,0,0,0,0,0,0,52,525,2,62
230,Mohamed Sanu,Cin,WR,0/0,0,0,0,5,26,0,41,403,4,64
231,Nate Washington,Ten,WR,0/0,0,0,0,1,12,0,23,342,3,53
232,Dolphins D/ST,Dolphins,D/ST,0/0,0,0,0,0,0,0,0,0,0,102
233,Jerome Simpson,Min,WR,0/0,0,0,0,0,0,0,27,349,2,44
234,Cedric Benson,FA,RB,0/0,0,0,0,87,376,2,9,65,0,53
235,Felix Jones,Phi,RB,0/0,0,0,0,50,222,0,18,117,0,31
236,Zach Miller,Sea,TE,0/0,0,0,0,0,0,0,40,438,3,59
237,Ronnie Brown,SD,RB,0/0,0,0,0,37,145,0,35,265,0,38
238,Mike Goodson,NYJ,RB,0/0,0,0,0,27,120,0,9,54,1,21
239,Riley Cooper,Phi,WR,0/0,0,0,0,0,0,0,38,458,3,59
240,LaRod Stephens-Howling,Pit,RB,0/0,0,0,0,26,122,0,17,115,0,23
241,Jake Locker,Ten,QB,209/378,2705,15,14,48,309,1,0,0,0,170
242,Shaun Draughn,KC,RB,0/0,0,0,0,30,123,0,30,246,0,34
243,Brent Celek,Phi,TE,0/0,0,0,0,0,0,0,47,590,1,63
244,Andre Ellington,Ari,RB,0/0,0,0,0,26,135,0,13,104,1,29
245,Jason Avant,Phi,WR,0/0,0,0,0,0,0,0,53,602,1,62
246,Donald Brown,Ind,RB,0/0,0,0,0,56,220,0,7,68,0,26
247,LeGarrette Blount,NE,RB,0/0,0,0,0,11,46,1,0,0,0,10
248,Christian Ponder,Min,QB,260/422,2679,17,13,51,204,1,0,0,0,165
249,Stepfan Taylor,Ari,RB,0/0,0,0,0,31,119,1,9,60,0,23
250,Doug Baldwin,Sea,WR,0/0,0,0,0,0,0,0,37,409,2,52
251,Latavius Murray,Oak,RB,0/0,0,0,0,26,112,0,10,56,0,16
252,Montario Hardesty,Cle,RB,0/0,0,0,0,39,154,2,0,0,0,27
253,Terrance Williams,Dal,WR,0/0,0,0,0,0,0,0,34,410,1,47
254,Brandon Bolden,NE,RB,0/0,0,0,0,26,121,1,0,0,0,18
255,Donnie Avery,KC,WR,0/0,0,0,0,1,2,0,37,484,1,52
256,Delone Carter,Ind,RB,0/0,0,0,0,31,116,0,0,0,0,11
257,Josh Morgan,Wsh,WR,0/0,0,0,0,3,20,0,44,488,1,56
258,Percy Harvin,Sea,WR,0/0,0,0,0,8,45,0,16,165,1,24
259,Joique Bell,Det,RB,0/0,0,0,0,9,45,0,26,210,0,25
260,Julius Thomas,Den,TE,0/0,0,0,0,0,0,0,37,439,3,59
261,Brandon Weeden,Cle,QB,249/448,3177,17,15,25,97,0,0,0,0,170
262,Scott Chandler,Buf,TE,0/0,0,0,0,0,0,0,36,385,4,60
263,Michael Crabtree,SF,WR,0/0,0,0,0,0,0,0,17,199,2,31
264,Domenik Hixon,Car,WR,0/0,0,0,0,0,0,0,33,400,2,50
265,Peyton Hillis,TB,RB,0/0,0,0,0,19,72,1,6,47,0,17
266,Marcedes Lewis,Jac,TE,0/0,0,0,0,0,0,0,50,564,2,66
267,Zach Ertz,Phi,TE,0/0,0,0,0,0,0,0,34,413,2,53
268,Brandon Gibson,Mia,WR,0/0,0,0,0,2,14,0,34,403,3,59
269,Leonard Hankerson,Wsh,WR,0/0,0,0,0,2,16,0,34,460,1,53
270,Jason Snelling,Atl,RB,0/0,0,0,0,17,66,0,25,187,1,30
271,Dexter McCluster,KC,WR,0/0,0,0,0,14,76,0,56,476,1,56
272,Bernard Scott,Cin,RB,0/0,0,0,0,23,94,0,13,92,0,18
273,Rex Burkhead,Cin,RB,0/0,0,0,0,21,75,1,4,22,0,15
274,Steven Hauschka,Sea,K,0/0,0,0,0,0,0,0,0,0,0,128
275,Cierre Wood,Hou,RB,0/0,0,0,0,16,66,0,2,17,0,7
276,Anthony Allen,Bal,RB,0/0,0,0,0,14,54,0,2,14,0,6
277,Heath Miller,Pit,TE,0/0,0,0,0,0,0,0,31,379,4,59
278,T.J. Graham,Buf,WR,0/0,0,0,0,3,27,0,24,256,2,39
279,Garrett Hartley,NO,K,0/0,0,0,0,0,0,0,0,0,0,127
280,Tashard Choice,Buf,RB,0/0,0,0,0,23,77,0,3,17,0,8
281,Markus Wheaton,Pit,WR,0/0,0,0,0,0,0,0,25,305,1,36
282,Joe McKnight,NYJ,RB,0/0,0,0,0,26,124,0,0,0,0,12
283,Dallas Clark,Bal,TE,0/0,0,0,0,0,0,0,31,343,3,50
284,A.J. Jenkins,SF,WR,0/0,0,0,0,0,0,0,21,301,2,40
285,Chris Ogbonnaya,Cle,RB,0/0,0,0,0,8,27,0,23,204,0,20
286,Denard Robinson,Jac,RB,0/0,0,0,0,14,67,0,6,49,0,10
287,Matt Flynn,Oak,QB,184/313,2145,14,9,31,99,1,0,0,0,134
288,Delanie Walker,Ten,TE,0/0,0,0,0,0,0,0,37,394,3,55
289,Jacoby Ford,Oak,WR,0/0,0,0,0,7,39,0,37,486,1,55
290,Geno Smith,NYJ,QB,144/263,1871,9,10,22,107,2,0,0,0,102
291,Da'Rel Scott,NYG,RB,0/0,0,0,0,12,55,0,1,14,0,6
292,Robbie Gould,Chi,K,0/0,0,0,0,0,0,0,0,0,0,125
293,Ray Graham,Hou,RB,0/0,0,0,0,0,0,0,0,0,0,0
294,Travis Kelce,KC,TE,0/0,0,0,0,0,0,0,37,377,2,49
295,Harry Douglas,Atl,WR,0/0,0,0,0,1,4,0,38,404,1,46
296,Mike Nugent,Cin,K,0/0,0,0,0,0,0,0,0,0,0,124
297,Kevin Kolb,Buf,QB,184/312,2002,11,11,16,60,0,0,0,0,104
298,Buccaneers D/ST,Buccaneers,D/ST,0/0,0,0,0,0,0,0,0,0,0,114
299,EJ Manuel,Buf,QB,104/193,1398,7,10,34,187,2,0,0,0,89
300,Leon Washington,NE,RB,0/0,0,0,0,22,96,0,5,44,0,11
301,Armando Allen,Chi,RB,0/0,0,0,0,31,137,0,2,14,0,12
302,Le'Ron McClain,SD,RB,0/0,0,0,0,17,52,1,9,37,0,14
303,Robert Meachem,SD,WR,0/0,0,0,0,2,11,0,15,223,1,29
304,James Starks,GB,RB,0/0,0,0,0,15,49,0,1,7,0,4
305,Alex Green,GB,RB,0/0,0,0,0,21,104,0,6,34,0,11
306,Mason Crosby,GB,K,0/0,0,0,0,0,0,0,0,0,0,121
307,Lawrence Tynes,TB,K,0/0,0,0,0,0,0,0,0,0,0,120
308,Giants D/ST,Giants,D/ST,0/0,0,0,0,0,0,0,0,0,0,104
309,Cyrus Gray,KC,RB,0/0,0,0,0,0,0,0,0,0,0,0
310,Tony Scheffler,Det,TE,0/0,0,0,0,0,0,0,32,332,2,43
311,Cardinals D/ST,Cardinals,D/ST,0/0,0,0,0,0,0,0,0,0,0,100
312,Kenjon Barner,Car,RB,0/0,0,0,0,0,0,0,0,0,0,0
313,Steve Breaston,NO,WR,0/0,0,0,0,0,0,0,18,249,1,30
314,Terrance Ganaway,StL,RB,0/0,0,0,0,0,0,0,0,0,0,0
315,Adam Vinatieri,Ind,K,0/0,0,0,0,0,0,0,0,0,0,120
316,Kerwynn Williams,Ind,RB,0/0,0,0,0,0,0,0,0,0,0,0
317,Falcons D/ST,Falcons,D/ST,0/0,0,0,0,0,0,0,0,0,0,100
318,Luke Stocker,TB,TE,0/0,0,0,0,0,0,0,38,358,2,47
319,Corey Fuller,Det,WR,0/0,0,0,0,0,0,0,19,249,2,36
320,Lestar Jean,Hou,WR,0/0,0,0,0,0,0,0,18,261,1,32
321,Kellen Winslow,NYJ,TE,0/0,0,0,0,0,0,0,39,427,2,52
322,Marcus Lattimore,SF,RB,0/0,0,0,0,0,0,0,0,0,0,0
323,Brandon Jacobs,FA,RB,0/0,0,0,0,0,0,0,0,0,0,0
324,Jordan Shipley,Jac,WR,0/0,0,0,0,0,0,0,42,445,1,48
325,Alex Henery,Phi,K,0/0,0,0,0,0,0,0,0,0,0,117
326,Javon Ringer,FA,RB,0/0,0,0,0,0,0,0,0,0,0,0
327,Browns D/ST,Browns,D/ST,0/0,0,0,0,0,0,0,0,0,0,85
328,Quinton Patton,SF,WR,0/0,0,0,0,0,0,0,26,353,2,47
329,Jackie Battle,Ten,RB,0/0,0,0,0,0,0,0,0,0,0,0
330,Mike James,TB,RB,0/0,0,0,0,0,0,0,0,0,0,0
331,Dwayne Harris,Dal,WR,0/0,0,0,0,0,0,0,31,362,1,42
332,Shaun Suisham,Pit,K,0/0,0,0,0,0,0,0,0,0,0,114
333,Marvin Jones,Cin,WR,0/0,0,0,0,3,14,0,21,243,1,31
334,Vikings D/ST,Vikings,D/ST,0/0,0,0,0,0,0,0,0,0,0,102
335,Kyle Williams,SF,WR,0/0,0,0,0,0,0,0,21,298,1,35
336,David Paulson,Pit,TE,0/0,0,0,0,0,0,0,21,257,2,37
337,Jacob Tamme,Den,TE,0/0,0,0,0,0,0,0,28,286,2,40
338,Tandon Doss,Bal,WR,0/0,0,0,0,0,0,0,20,257,1,31
339,Tiquan Underwood,TB,WR,0/0,0,0,0,0,0,0,21,304,1,36
340,Marlon Moore,SF,WR,0/0,0,0,0,0,0,0,11,136,1,19
341,Rob Bironas,Ten,K,0/0,0,0,0,0,0,0,0,0,0,112
342,Chargers D/ST,Chargers,D/ST,0/0,0,0,0,0,0,0,0,0,0,106
343,Blaine Gabbert,Jac,QB,128/216,1270,7,8,25,53,1,0,0,0,71
344,Panthers D/ST,Panthers,D/ST,0/0,0,0,0,0,0,0,0,0,0,84
345,Chad Henne,Jac,QB,125/225,1376,8,11,16,65,0,0,0,0,67
346,Zach Sudfeld,NE,TE,0/0,0,0,0,0,0,0,23,270,3,43
347,Mohamed Massaquoi,Jac,WR,0/0,0,0,0,0,0,0,24,307,1,34
348,Graham Gano,Car,K,0/0,0,0,0,0,0,0,0,0,0,112
349,Kai Forbath,Wsh,K,0/0,0,0,0,0,0,0,0,0,0,109
350,Tom Crabtree,TB,TE,0/0,0,0,0,0,0,0,25,278,2,39
351,Mario Manningham,SF,WR,0/0,0,0,0,0,0,0,18,201,0,20
352,Nick Foles,Phi,QB,118/197,1304,7,6,16,15,0,0,0,0,63
353,Josh Boyce,NE,WR,0/0,0,0,0,0,0,0,18,234,1,29
354,Da'Rick Rogers,Buf,WR,0/0,0,0,0,1,14,0,11,151,1,22
355,Jon Baldwin,KC,WR,0/0,0,0,0,0,0,0,20,290,1,35
356,Taylor Thompson,Ten,TE,0/0,0,0,0,0,0,0,23,278,1,33
357,Jets D/ST,Jets,D/ST,0/0,0,0,0,0,0,0,0,0,0,99
358,Mark Sanchez,NYJ,QB,92/166,1046,5,10,17,36,1,0,0,0,46
359,Matt Cassel,Min,QB,45/78,485,4,4,13,39,0,0,0,0,30
360,Gavin Escobar,Dal,TE,0/0,0,0,0,0,0,0,21,209,1,26
361,Stedman Bailey,StL,WR,0/0,0,0,0,0,0,0,24,285,1,34
362,James Casey,Phi,TE,0/0,0,0,0,0,0,0,26,300,1,36
363,Tony Moeaki,KC,TE,0/0,0,0,0,0,0,0,30,354,0,35
364,Nick Toon,NO,WR,0/0,0,0,0,0,0,0,8,99,1,15
365,Joel Dreessen,Den,TE,0/0,0,0,0,0,0,0,14,128,2,24
366,David Ausberry,Oak,TE,0/0,0,0,0,0,0,0,15,204,1,26
367,Earl Bennett,Chi,WR,0/0,0,0,0,0,0,0,26,340,1,38
368,Louis Murphy,NYG,WR,0/0,0,0,0,1,6,0,21,284,1,34
369,Redskins D/ST,Redskins,D/ST,0/0,0,0,0,0,0,0,0,0,0,88
370,Jay Feely,Ari,K,0/0,0,0,0,0,0,0,0,0,0,106
371,Shayne Graham,Cle,K,0/0,0,0,0,0,0,0,0,0,0,106
372,Benjamin Watson,NO,TE,0/0,0,0,0,0,0,0,17,170,2,29
373,Kenny Stills,NO,WR,0/0,0,0,0,0,0,0,8,95,0,9
374,Garrett Graham,Hou,TE,0/0,0,0,0,0,0,0,29,260,1,32
375,Anthony Fasano,KC,TE,0/0,0,0,0,0,0,0,17,178,3,33
376,Jeff Cumberland,NYJ,TE,0/0,0,0,0,0,0,0,28,276,1,33
377,Chiefs D/ST,Chiefs,D/ST,0/0,0,0,0,0,0,0,0,0,0,76
378,Jason Campbell,Cle,QB,61/102,652,3,5,7,15,0,0,0,0,29
379,Jake Ballard,NE,TE,0/0,0,0,0,0,0,0,12,117,1,17
380,Bruce Gradkowski,Pit,QB,65/120,768,3,6,7,12,0,0,0,0,29
381,Kevin Ogletree,TB,WR,0/0,0,0,0,2,13,0,13,145,0,13
382,Ryan Succop,KC,K,0/0,0,0,0,0,0,0,0,0,0,106
383,Eagles D/ST,Eagles,D/ST,0/0,0,0,0,0,0,0,0,0,0,81
384,Mychal Rivera,Oak,TE,0/0,0,0,0,0,0,0,23,246,1,30
385,Nick Novak,SD,K,0/0,0,0,0,0,0,0,0,0,0,106
386,Kirk Cousins,Wsh,QB,38/64,441,4,2,6,41,0,0,0,0,33
387,Lions D/ST,Lions,D/ST,0/0,0,0,0,0,0,0,0,0,0,78
388,Nick Folk,NYJ,K,0/0,0,0,0,0,0,0,0,0,0,105
389,Adrien Robinson,NYG,TE,0/0,0,0,0,0,0,0,9,104,1,16
390,Ryan Fitzpatrick,Ten,QB,61/102,700,3,4,14,51,0,0,0,0,35
391,Keshawn Martin,Hou,WR,0/0,0,0,0,6,45,0,14,124,0,16
392,Josh Scobee,Jac,K,0/0,0,0,0,0,0,0,0,0,0,100
393,Lance Kendricks,StL,TE,0/0,0,0,0,0,0,0,13,145,1,20
394,Bills D/ST,Bills,D/ST,0/0,0,0,0,0,0,0,0,0,0,71
395,Rian Lindell,Buf,K,0/0,0,0,0,0,0,0,0,0,0,92
396,Hayden Smith,NYJ,TE,0/0,0,0,0,0,0,0,12,151,0,15
397,Titans D/ST,Titans,D/ST,0/0,0,0,0,0,0,0,0,0,0,84
398,Jordan Reed,Wsh,TE,0/0,0,0,0,0,0,0,9,109,1,16
399,Dan Carpenter,Mia,K,0/0,0,0,0,0,0,0,0,0,0,91
400,Ryan Mallett,NE,QB,0/0,0,0,0,0,0,0,0,0,0,0
401,Tommy Streeter,Bal,WR,0/0,0,0,0,0,0,0,0,0,0,0
402,Caleb Sturgis,Mia,K,0/0,0,0,0,0,0,0,0,0,0,0
403,Vince Young,GB,QB,0/0,0,0,0,0,0,0,0,0,0,0
404,Vance McDonald,SF,TE,0/0,0,0,0,0,0,0,11,114,1,17
405,Colts D/ST,Colts,D/ST,0/0,0,0,0,0,0,0,0,0,0,73
406,Brock Osweiler,Den,QB,0/0,0,0,0,0,0,0,0,0,0,0
407,Drew Stanton,Ari,QB,14/27,197,1,3,2,4,0,0,0,0,5
408,Dustin Hopkins,Buf,K,0/0,0,0,0,0,0,0,0,0,0,0
409,Nick Kasa,Oak,TE,0/0,0,0,0,0,0,0,10,107,0,10
410,Shaun Hill,Det,QB,0/0,0,0,0,0,0,0,0,0,0,0
411,David Buehler,Dal,K,0/0,0,0,0,0,0,0,0,0,0,0
412,Matt Moore,Mia,QB,0/0,0,0,0,0,0,0,0,0,0,0
413,Michael Hoomanawanui,NE,TE,0/0,0,0,0,0,0,0,17,186,1,24
414,Dustin Keller,Mia,TE,0/0,0,0,0,0,0,0,0,0,0,0
415,Terrelle Pryor,Oak,QB,50/103,662,2,8,23,139,2,0,0,0,33
416,Saints D/ST,Saints,D/ST,0/0,0,0,0,0,0,0,0,0,0,73
417,Giorgio Tavecchio,GB,K,0/0,0,0,0,0,0,0,0,0,0,0
418,John Phillips,SD,TE,0/0,0,0,0,0,0,0,8,81,1,14
419,Kyle Orton,Dal,QB,0/0,0,0,0,0,0,0,0,0,0,0
420,Andrew Quarless,GB,TE,0/0,0,0,0,0,0,0,13,143,0,14
421,Seneca Wallace,NO,QB,0/0,0,0,0,0,0,0,0,0,0,0
422,Jaguars D/ST,Jaguars,D/ST,0/0,0,0,0,0,0,0,0,0,0,63
423,Luke Willson,Sea,TE,0/0,0,0,0,0,0,0,10,108,1,16
424,Matt Hasselbeck,Ind,QB,0/0,0,0,0,0,0,0,0,0,0,0
425,Tarvaris Jackson,Sea,QB,0/0,0,0,0,0,0,0,0,0,0,0
426,T.J. Yates,Hou,QB,0/0,0,0,0,0,0,0,0,0,0,0
427,Colt McCoy,SF,QB,13/24,156,1,1,2,10,0,0,0,0,9
428,Logan Paulsen,Wsh,TE,0/0,0,0,0,0,0,0,14,154,1,21
429,David Carr,NYG,QB,0/0,0,0,0,0,0,0,0,0,0,0
430,Chase Daniel,KC,QB,44/77,508,2,4,13,34,0,0,0,0,19
431,John Skelton,Cin,QB,0/0,0,0,0,0,0,0,0,0,0,0
432,Tyrod Taylor,Bal,QB,0/0,0,0,0,0,0,0,0,0,0,0
433,Kellen Davis,Cle,TE,0/0,0,0,0,0,0,0,15,168,0,16
434,Ryan Nassib,NYG,QB,0/0,0,0,0,0,0,0,0,0,0,0
435,Raiders D/ST,Raiders,D/ST,0/0,0,0,0,0,0,0,0,0,0,40
436,Derek Anderson,Car,QB,0/0,0,0,0,0,0,0,0,0,0,0
437,Charlie Whitehurst,SD,QB,0/0,0,0,0,0,0,0,0,0,0,0
438,James Hanna,Dal,TE,0/0,0,0,0,0,0,0,6,58,1,11
439,Austin Davis,StL,QB,0/0,0,0,0,0,0,0,0,0,0,0
440,Mike Glennon,TB,QB,0/0,0,0,0,0,0,0,0,0,0,0
441,Luke McCown,NO,QB,0/0,0,0,0,0,0,0,0,0,0,0
442,Matt Barkley,Phi,QB,0/0,0,0,0,0,0,0,0,0,0,0
443,Ladarius Green,SD,TE,0/0,0,0,0,0,0,0,8,78,1,13
444,Tim Tebow,NE,QB,0/0,0,0,0,0,0,0,0,0,0,0
445,Josh McCown,Chi,QB,0/0,0,0,0,0,0,0,0,0,0,0
446,Dan Orlovsky,TB,QB,0/0,0,0,0,0,0,0,0,0,0,0
447,Kellen Clemens,StL,QB,0/0,0,0,0,0,0,0,0,0,0,0
448,Tyler Wilson,Oak,QB,0/0,0,0,0,0,0,0,0,0,0,0
449,Charles Clay,Mia,TE,0/0,0,0,0,0,0,0,17,187,0,18
450,Graham Harrell,GB,QB,0/0,0,0,0,0,0,0,0,0,0,0
451,Landry Jones,Pit,QB,0/0,0,0,0,0,0,0,0,0,0,0
452,Matt Leinart,FA,QB,0/0,0,0,0,0,0,0,0,0,0,0
453,John Carlson,Min,TE,0/0,0,0,0,0,0,0,11,131,0,13
454,Tyler Thigpen,FA,QB,0/0,0,0,0,0,0,0,0,0,0,0
455,Lee Smith,Buf,TE,0/0,0,0,0,0,0,0,6,56,1,11
456,Marquise Goodwin,Buf,WR,0/0,0,0,0,1,14,0,8,110,1,16
457,Ace Sanders,Jac,WR,0/0,0,0,0,3,25,0,14,176,0,17
458,Juron Criner,Oak,WR,0/0,0,0,0,0,0,0,0,0,0,0
459,Jeremy Maclin,Phi,WR,0/0,0,0,0,0,0,0,0,0,0,0
460,Danario Alexander,SD,WR,0/0,0,0,0,0,0,0,0,0,0,0
461,Joe Morgan,NO,WR,0/0,0,0,0,0,0,0,0,0,0,0
462,Virgil Green,Den,TE,0/0,0,0,0,0,0,0,0,0,0,0
463,Evan Rodriguez,Mia,TE,0/0,0,0,0,0,0,0,5,43,0,4
464,Chris Gragg,Buf,TE,0/0,0,0,0,0,0,0,5,50,0,5
465,Dion Sims,Mia,TE,0/0,0,0,0,0,0,0,6,56,0,5
466,Ryan Otten,Jac,TE,0/0,0,0,0,0,0,0,6,65,0,6
467,Levine Toilolo,Atl,TE,0/0,0,0,0,0,0,0,4,42,0,4
468,Anthony McCoy,Sea,TE,0/0,0,0,0,0,0,0,0,0,0,0
469,Dennis Pitta,Bal,TE,0/0,0,0,0,0,0,0,0,0,0,0
470,Aaron Hernandez,FA,TE,0/0,0,0,0,0,0,0,0,0,0,0
471,John Kasay,FA,K,0/0,0,0,0,0,0,0,0,0,0,0
472,Jason Hanson,FA,K,0/0,0,0,0,0,0,0,0,0,0,0
473,Mark Brunell,FA,QB,0/0,0,0,0,0,0,0,0,0,0,0
474,Terrell Owens,FA,WR,0/0,0,0,0,0,0,0,0,0,0,0
475,Olindo Mare,FA,K,0/0,0,0,0,0,0,0,0,0,0,0
476,Ryan Longwell,FA,K,0/0,0,0,0,0,0,0,0,0,0,0
477,Jon Kitna,FA,QB,0/0,0,0,0,0,0,0,0,0,0,0
478,Todd Bouman,FA,QB,0/0,0,0,0,0,0,0,0,0,0,0
479,Randy Moss,FA,WR,0/0,0,0,0,0,0,0,0,0,0,0
480,Charlie Batch,FA,QB,0/0,0,0,0,0,0,0,0,0,0,0
481,Mike Sellers,FA,RB,0/0,0,0,0,0,0,0,0,0,0,0
482,Jake Delhomme,FA,QB,0/0,0,0,0,0,0,0,0,0,0,0
483,Donovan McNabb,FA,QB,0/0,0,0,0,0,0,0,0,0,0,0
484,Daunte Culpepper,FA,QB,0/0,0,0,0,0,0,0,0,0,0,0
485,Reggie Kelly,FA,TE,0/0,0,0,0,0,0,0,0,0,0,0
486,Jimmy Kleinsasser,FA,TE,0/0,0,0,0,0,0,0,0,0,0,0
487,Kevin Faulk,FA,RB,0/0,0,0,0,0,0,0,0,0,0,0
488,Brandon Stokley,Bal,WR,0/0,0,0,0,0,0,0,0,0,0,0
489,Desmond Clark,FA,TE,0/0,0,0,0,0,0,0,0,0,0,0
490,Donald Driver,FA,WR,0/0,0,0,0,0,0,0,0,0,0,0
491,Kris Brown,FA,K,0/0,0,0,0,0,0,0,0,0,0,0
492,Chris Greisen,FA,QB,0/0,0,0,0,0,0,0,0,0,0,0
493,Jeff Garcia,FA,QB,0/0,0,0,0,0,0,0,0,0,0,0
494,Brian Finneran,FA,WR,0/0,0,0,0,0,0,0,0,0,0,0
495,Thomas Jones,FA,RB,0/0,0,0,0,0,0,0,0,0,0,0
496,Plaxico Burress,Pit,WR,0/0,0,0,0,0,0,0,0,0,0,0
497,Anthony Becht,FA,TE,0/0,0,0,0,0,0,0,0,0,0,0
498,Chris Redman,FA,QB,0/0,0,0,0,0,0,0,0,0,0,0
499,Sammy Morris,FA,RB,0/0,0,0,0,0,0,0,0,0,0,0
500,Neil Rackers,FA,K,0/0,0,0,0,0,0,0,0,0,0,0
501,Brian Jennings,SF,TE,0/0,0,0,0,0,0,0,0,0,0,0
502,Billy Volek,FA,QB,0/0,0,0,0,0,0,0,0,0,0,0
503,Justin Snow,FA,TE,0/0,0,0,0,0,0,0,0,0,0,0
504,LaDainian Tomlinson,FA,RB,0/0,0,0,0,0,0,0,0,0,0,0
505,Todd Heap,FA,TE,0/0,0,0,0,0,0,0,0,0,0,0
506,Alge Crumpler,FA,TE,0/0,0,0,0,0,0,0,0,0,0,0
507,Chad Johnson,FA,WR,0/0,0,0,0,0,0,0,0,0,0,0
508,Chris Chambers,FA,WR,0/0,0,0,0,0,0,0,0,0,0,0
509,Sage Rosenfels,FA,QB,0/0,0,0,0,0,0,0,0,0,0,0
510,Moran Norris,FA,RB,0/0,0,0,0,0,0,0,0,0,0,0
511,Correll Buckhalter,FA,RB,0/0,0,0,0,0,0,0,0,0,0,0
512,Brandon Manumaleuna,FA,TE,0/0,0,0,0,0,0,0,0,0,0,0
513,Tony Stewart,FA,TE,0/0,0,0,0,0,0,0,0,0,0,0
514,A.J. Feeley,FA,QB,0/0,0,0,0,0,0,0,0,0,0,0
515,David Martin,FA,TE,0/0,0,0,0,0,0,0,0,0,0,0
516,T.J. Houshmandzadeh,FA,WR,0/0,0,0,0,0,0,0,0,0,0,0
517,Chris Taylor,FA,RB,0/0,0,0,0,0,0,0,0,0,0,0
518,Dominic Rhodes,FA,RB,0/0,0,0,0,0,0,0,0,0,0,0
519,Donte' Stallworth,Wsh,WR,0/0,0,0,0,0,0,0,0,0,0,0
520,Jeremy Shockey,FA,TE,0/0,0,0,0,0,0,0,0,0,0,0
521,Daniel Graham,FA,TE,0/0,0,0,0,0,0,0,0,0,0,0
522,Jabar Gaffney,FA,WR,0/0,0,0,0,0,0,0,0,0,0,0
523,Andre Davis,FA,WR,0/0,0,0,0,0,0,0,0,0,0,0
524,Clinton Portis,FA,RB,0/0,0,0,0,0,0,0,0,0,0,0
525,Maurice Morris,FA,RB,0/0,0,0,0,0,0,0,0,0,0,0
526,Ladell Betts,FA,RB,0/0,0,0,0,0,0,0,0,0,0,0
527,Antwaan Randle El,FA,WR,0/0,0,0,0,0,0,0,0,0,0,0
528,Deion Branch,FA,WR,0/0,0,0,0,0,0,0,0,0,0,0
529,Chris Baker,FA,TE,0/0,0,0,0,0,0,0,0,0,0,0
530,Brian Westbrook,FA,RB,0/0,0,0,0,0,0,0,0,0,0,0
531,Justin Peelle,FA,TE,0/0,0,0,0,0,0,0,0,0,0,0
532,David Garrard,FA,QB,0/0,0,0,0,0,0,0,0,0,0,0
533,Randy McMichael,FA,TE,0/0,0,0,0,0,0,0,0,0,0,0
534,Robert Royal,FA,TE,0/0,0,0,0,0,0,0,0,0,0,0
535,J.T. O'Sullivan,FA,QB,0/0,0,0,0,0,0,0,0,0,0,0
536,Rock Cartwright,FA,RB,0/0,0,0,0,0,0,0,0,0,0,0
537,John Gilmore,FA,TE,0/0,0,0,0,0,0,0,0,0,0,0
538,Chester Taylor,FA,RB,0/0,0,0,0,0,0,0,0,0,0,0
539,Corey McIntyre,FA,RB,0/0,0,0,0,0,0,0,0,0,0,0
540,Billy Cundiff,NYJ,K,0/0,0,0,0,0,0,0,0,0,0,0
541,Jeff Reed,FA,K,0/0,0,0,0,0,0,0,0,0,0,0
542,Jason McKie,FA,RB,0/0,0,0,0,0,0,0,0,0,0,0
543,Byron Leftwich,FA,QB,0/0,0,0,0,0,0,0,0,0,0,0
544,Bryant Johnson,FA,WR,0/0,0,0,0,0,0,0,0,0,0,0
545,Kyle Boller,FA,QB,0/0,0,0,0,0,0,0,0,0,0,0
546,Rex Grossman,Wsh,QB,0/0,0,0,0,0,0,0,0,0,0,0
547,Larry Johnson,FA,RB,0/0,0,0,0,0,0,0,0,0,0,0
548,Kelley Washington,FA,WR,0/0,0,0,0,0,0,0,0,0,0,0
549,Kevin Curtis,FA,WR,0/0,0,0,0,0,0,0,0,0,0,0
550,Visanthe Shiancoe,Bal,TE,0/0,0,0,0,0,0,0,0,0,0,0
551,Sam Aiken,FA,WR,0/0,0,0,0,0,0,0,0,0,0,0
552,Ovie Mughelli,FA,RB,0/0,0,0,0,0,0,0,0,0,0,0
553,Justin Gage,FA,WR,0/0,0,0,0,0,0,0,0,0,0,0
554,Donald Lee,FA,TE,0/0,0,0,0,0,0,0,0,0,0,0
555,Brian St. Pierre,FA,QB,0/0,0,0,0,0,0,0,0,0,0,0
556,Arnaz Battle,FA,WR,0/0,0,0,0,0,0,0,0,0,0,0
557,Kevin Walter,Ten,WR,0/0,0,0,0,0,0,0,0,0,0,0
558,Brandon Banks,FA,WR,0/0,0,0,0,0,0,0,0,0,0,0
559,Earnest Graham,FA,RB,0/0,0,0,0,0,0,0,0,0,0,0
560,Will Heller,FA,TE,0/0,0,0,0,0,0,0,0,0,0,0
561,Cleo Lemon,FA,QB,0/0,0,0,0,0,0,0,0,0,0,0
562,Jerheme Urban,FA,WR,0/0,0,0,0,0,0,0,0,0,0,0
563,Greg Lewis,FA,WR,0/0,0,0,0,0,0,0,0,0,0,0
564,Kassim Osgood,SF,WR,0/0,0,0,0,0,0,0,0,0,0,0
565,Roy Williams,FA,WR,0/0,0,0,0,0,0,0,0,0,0,0
566,Reggie Williams,FA,WR,0/0,0,0,0,0,0,0,0,0,0,0
567,Lee Evans,FA,WR,0/0,0,0,0,0,0,0,0,0,0,0
568,Michael Clayton,FA,WR,0/0,0,0,0,0,0,0,0,0,0,0
569,J.P. Losman,FA,QB,0/0,0,0,0,0,0,0,0,0,0,0
570,Michael Jenkins,NE,WR,0/0,0,0,0,0,0,0,0,0,0,0
571,Kevin Jones,FA,RB,0/0,0,0,0,0,0,0,0,0,0,0
572,Julius Jones,FA,RB,0/0,0,0,0,0,0,0,0,0,0,0
573,Devery Henderson,Wsh,WR,0/0,0,0,0,0,0,0,0,0,0,0
574,Greg B. Jones,Hou,RB,0/0,0,0,0,0,0,0,0,0,0,0
575,Keary Colbert,FA,WR,0/0,0,0,0,0,0,0,0,0,0,0
576,Kris Wilson,FA,TE,0/0,0,0,0,0,0,0,0,0,0,0
577,Nate Kaeding,FA,K,0/0,0,0,0,0,0,0,0,0,0,0
578,Ben Hartsock,Car,TE,0/0,0,0,0,0,0,0,0,0,0,0
579,Bernard Berrian,FA,WR,0/0,0,0,0,0,0,0,0,0,0,0
580,Chris Cooley,FA,TE,0/0,0,0,0,0,0,0,0,0,0,0
581,Jerricho Cotchery,Pit,WR,0/0,0,0,0,0,0,0,0,0,0,0
582,Mewelde Moore,FA,RB,0/0,0,0,0,0,0,0,0,0,0,0
583,Ernest Wilford,FA,TE,0/0,0,0,0,0,0,0,0,0,0,0
584,Mike Karney,FA,RB,0/0,0,0,0,0,0,0,0,0,0,0
585,Jim Sorgi,FA,QB,0/0,0,0,0,0,0,0,0,0,0,0
586,Patrick Crayton,NO,WR,0/0,0,0,0,0,0,0,0,0,0,0
587,Jeff Dugan,FA,TE,0/0,0,0,0,0,0,0,0,0,0,0
588,Derrick Ward,FA,RB,0/0,0,0,0,0,0,0,0,0,0,0
589,Terrance Copper,KC,WR,0/0,0,0,0,0,0,0,0,0,0,0
590,Lousaka Polite,FA,RB,0/0,0,0,0,0,0,0,0,0,0,0
591,Vonta Leach,Bal,RB,0/0,0,0,0,0,0,0,0,0,0,0
592,Cadillac Williams,FA,RB,0/0,0,0,0,0,0,0,0,0,0,0
593,Mike Williams,FA,WR,0/0,0,0,0,0,0,0,0,0,0,0
594,Mark Clayton,FA,WR,0/0,0,0,0,0,0,0,0,0,0,0
595,Roscoe Parrish,FA,WR,0/0,0,0,0,0,0,0,0,0,0,0
596,Courtney Roby,NO,WR,0/0,0,0,0,0,0,0,0,0,0,0
597,Alex Smith,Cin,TE,0/0,0,0,0,0,0,0,0,0,0,0
598,Roydell Williams,FA,WR,0/0,0,0,0,0,0,0,0,0,0,0
599,Bo Scaife,FA,TE,0/0,0,0,0,0,0,0,0,0,0,0
600,Dave Rayner,FA,K,0/0,0,0,0,0,0,0,0,0,0,0
601,Billy Bajema,Bal,TE,0/0,0,0,0,0,0,0,0,0,0,0
602,Madison Hedgecock,FA,RB,0/0,0,0,0,0,0,0,0,0,0,0
603,Stephen Spach,FA,TE,0/0,0,0,0,0,0,0,0,0,0,0
604,Rashied Davis,FA,WR,0/0,0,0,0,0,0,0,0,0,0,0
605,Josh Cribbs,Oak,WR,0/0,0,0,0,0,0,0,0,0,0,0
606,J.P. Foschi,FA,TE,0/0,0,0,0,0,0,0,0,0,0,0
607,Leonard Weaver,FA,RB,0/0,0,0,0,0,0,0,0,0,0,0
608,Brandon Rideau,FA,WR,0/0,0,0,0,0,0,0,0,0,0,0
609,Tony Curtis,FA,TE,0/0,0,0,0,0,0,0,0,0,0,0
610,Tory Humphrey,FA,TE,0/0,0,0,0,0,0,0,0,0,0,0
611,Ruvell Martin,FA,WR,0/0,0,0,0,0,0,0,0,0,0,0
612,John Standeford,FA,WR,0/0,0,0,0,0,0,0,0,0,0,0
613,Ryan Grant,FA,RB,0/0,0,0,0,0,0,0,0,0,0,0
614,Greg Camarillo,FA,WR,0/0,0,0,0,0,0,0,0,0,0,0
615,John Kuhn,GB,RB,0/0,0,0,0,0,0,0,0,0,0,0
616,Laurence Maroney,FA,RB,0/0,0,0,0,0,0,0,0,0,0,0
617,Joseph Addai,FA,RB,0/0,0,0,0,0,0,0,0,0,0,0
618,Chad Jackson,FA,WR,0/0,0,0,0,0,0,0,0,0,0,0
619,Sinorice Moss,FA,WR,0/0,0,0,0,0,0,0,0,0,0,0
620,LenDale White,FA,RB,0/0,0,0,0,0,0,0,0,0,0,0
621,Devin Hester,Chi,WR,0/0,0,0,0,0,0,0,0,0,0,0
622,Leonard Pope,Chi,TE,0/0,0,0,0,0,0,0,0,0,0,0
623,Jerious Norwood,FA,RB,0/0,0,0,0,0,0,0,0,0,0,0
624,Derek Hagan,TB,WR,0/0,0,0,0,0,0,0,0,0,0,0
625,Brodie Croyle,FA,QB,0/0,0,0,0,0,0,0,0,0,0,0
626,David Thomas,FA,TE,0/0,0,0,0,0,0,0,0,0,0,0
627,Maurice Stovall,FA,TE,0/0,0,0,0,0,0,0,0,0,0,0
628,Dominique Byrd,FA,TE,0/0,0,0,0,0,0,0,0,0,0,0
629,Michael Robinson,Sea,RB,0/0,0,0,0,0,0,0,0,0,0,0
630,Brad Smith,Buf,WR,0/0,0,0,0,0,0,0,0,0,0,0
631,Garrett Mills,FA,TE,0/0,0,0,0,0,0,0,0,0,0,0
632,Demetrius Williams,FA,WR,0/0,0,0,0,0,0,0,0,0,0,0
633,Jerome Harrison,FA,RB,0/0,0,0,0,0,0,0,0,0,0,0
634,Jason Pociask,FA,TE,0/0,0,0,0,0,0,0,0,0,0,0
635,Jeff King,Ari,TE,0/0,0,0,0,0,0,0,0,0,0,0
636,Lawrence Vickers,Dal,RB,0/0,0,0,0,0,0,0,0,0,0,0
637,Todd Watkins,FA,WR,0/0,0,0,0,0,0,0,0,0,0,0
638,Devin Aromashodu,Chi,WR,0/0,0,0,0,0,0,0,0,0,0,0
639,Quinton Ganther,FA,RB,0/0,0,0,0,0,0,0,0,0,0,0
640,Ben Obomanu,NYJ,WR,0/0,0,0,0,0,0,0,0,0,0,0
641,David Anderson,FA,WR,0/0,0,0,0,0,0,0,0,0,0,0
642,Hank Baskett,FA,WR,0/0,0,0,0,0,0,0,0,0,0,0
643,Mike Bell,FA,RB,0/0,0,0,0,0,0,0,0,0,0,0
644,Brian Clark,FA,WR,0/0,0,0,0,0,0,0,0,0,0,0
645,Patrick Cobbs,FA,RB,0/0,0,0,0,0,0,0,0,0,0,0
646,Felton Huggins,FA,WR,0/0,0,0,0,0,0,0,0,0,0,0
647,Connor Hughes,FA,K,0/0,0,0,0,0,0,0,0,0,0,0
648,Montell Owens,Det,RB,0/0,0,0,0,0,0,0,0,0,0,0
649,Jamie Petrowski,FA,TE,0/0,0,0,0,0,0,0,0,0,0,0
650,Wallace Wright,FA,WR,0/0,0,0,0,0,0,0,0,0,0,0
651,Ahmard Hall,FA,RB,0/0,0,0,0,0,0,0,0,0,0,0
652,Sam Hurd,FA,WR,0/0,0,0,0,0,0,0,0,0,0,0
653,Naufahu Tahi,FA,RB,0/0,0,0,0,0,0,0,0,0,0,0
654,Shane Andrus,FA,K,0/0,0,0,0,0,0,0,0,0,0,0
655,Daniel Fells,NE,TE,0/0,0,0,0,0,0,0,0,0,0,0
656,Micheal Spurlock,Det,WR,0/0,0,0,0,0,0,0,0,0,0,0
657,Greg Estandia,FA,TE,0/0,0,0,0,0,0,0,0,0,0,0
658,Spencer Havner,FA,TE,0/0,0,0,0,0,0,0,0,0,0,0
659,Troy Bergeron,FA,WR,0/0,0,0,0,0,0,0,0,0,0,0
660,Marc Hickok,FA,K,0/0,0,0,0,0,0,0,0,0,0,0
661,Ted Ginn,Car,WR,0/0,0,0,0,0,0,0,0,0,0,0
662,Brady Quinn,Sea,QB,0/0,0,0,0,0,0,0,0,0,0,0
663,Craig Davis,FA,WR,0/0,0,0,0,0,0,0,0,0,0,0
664,Anthony Gonzalez,FA,WR,0/0,0,0,0,0,0,0,0,0,0,0
665,John Beck,FA,QB,0/0,0,0,0,0,0,0,0,0,0,0
666,Dwayne Jarrett,FA,WR,0/0,0,0,0,0,0,0,0,0,0,0
667,Chris Henry,FA,RB,0/0,0,0,0,0,0,0,0,0,0,0
668,Steve Smith,FA,WR,0/0,0,0,0,0,0,0,0,0,0,0
669,Brian Leonard,TB,RB,0/0,0,0,0,0,0,0,0,0,0,0
670,Lorenzo Booker,FA,RB,0/0,0,0,0,0,0,0,0,0,0,0
671,Yamon Figurs,FA,WR,0/0,0,0,0,0,0,0,0,0,0,0
672,Laurent Robinson,FA,WR,0/0,0,0,0,0,0,0,0,0,0,0
673,Jason Hill,FA,WR,0/0,0,0,0,0,0,0,0,0,0,0
674,Matt Spaeth,Pit,TE,0/0,0,0,0,0,0,0,0,0,0,0
675,Mike Sims-Walker,FA,WR,0/0,0,0,0,0,0,0,0,0,0,0
676,Paul Williams,FA,WR,0/0,0,0,0,0,0,0,0,0,0,0
677,Trent Edwards,FA,QB,0/0,0,0,0,0,0,0,0,0,0,0
678,Garrett Wolfe,FA,RB,0/0,0,0,0,0,0,0,0,0,0,0
679,Johnnie Lee Higgins,FA,WR,0/0,0,0,0,0,0,0,0,0,0,0
680,Isaiah Stanback,Jac,WR,0/0,0,0,0,0,0,0,0,0,0,0
681,Aundrae Allison,FA,WR,0/0,0,0,0,0,0,0,0,0,0,0
682,Kevin Boss,FA,TE,0/0,0,0,0,0,0,0,0,0,0,0
683,Dante Rosario,Dal,TE,0/0,0,0,0,0,0,0,0,0,0,0
684,David Clowney,FA,WR,0/0,0,0,0,0,0,0,0,0,0,0
685,Justin Medlock,FA,K,0/0,0,0,0,0,0,0,0,0,0,0
686,Legedu Naanee,FA,WR,0/0,0,0,0,0,0,0,0,0,0,0
687,Troy Smith,FA,QB,0/0,0,0,0,0,0,0,0,0,0,0
688,Oren O'Neal,FA,RB,0/0,0,0,0,0,0,0,0,0,0,0
689,Reagan Maui'a,FA,RB,0/0,0,0,0,0,0,0,0,0,0,0
690,Thomas Clayton,FA,RB,0/0,0,0,0,0,0,0,0,0,0,0
691,Korey Hall,FA,RB,0/0,0,0,0,0,0,0,0,0,0,0
692,Deon Anderson,FA,RB,0/0,0,0,0,0,0,0,0,0,0,0
693,Jordan Palmer,Chi,QB,0/0,0,0,0,0,0,0,0,0,0,0
694,Jordan Kent,FA,WR,0/0,0,0,0,0,0,0,0,0,0,0
695,Ben Patrick,FA,TE,0/0,0,0,0,0,0,0,0,0,0,0
696,Derek Schouman,FA,TE,0/0,0,0,0,0,0,0,0,0,0,0
697,DeShawn Wynn,FA,RB,0/0,0,0,0,0,0,0,0,0,0,0
698,Chandler Williams,FA,WR,0/0,0,0,0,0,0,0,0,0,0,0
699,Chansi Stuckey,FA,WR,0/0,0,0,0,0,0,0,0,0,0,0
700,Clark Harris,Cin,TE,0/0,0,0,0,0,0,0,0,0,0,0
701,Kenneth Darby,FA,RB,0/0,0,0,0,0,0,0,0,0,0,0
702,Onrea Jones,FA,WR,0/0,0,0,0,0,0,0,0,0,0,0
703,Gary Russell,FA,RB,0/0,0,0,0,0,0,0,0,0,0,0
704,Tyler Palko,FA,QB,0/0,0,0,0,0,0,0,0,0,0,0
705,Jesse Holley,FA,WR,0/0,0,0,0,0,0,0,0,0,0,0
706,Matt Gutierrez,FA,QB,0/0,0,0,0,0,0,0,0,0,0,0
707,D.J. Ware,FA,RB,0/0,0,0,0,0,0,0,0,0,0,0
708,Eric Weems,Chi,WR,0/0,0,0,0,0,0,0,0,0,0,0
709,Brandon London,FA,WR,0/0,0,0,0,0,0,0,0,0,0,0
710,Michael Matthews,FA,TE,0/0,0,0,0,0,0,0,0,0,0,0
711,Marcus Mason,FA,RB,0/0,0,0,0,0,0,0,0,0,0,0
712,Tim Castille,FA,RB,0/0,0,0,0,0,0,0,0,0,0,0
713,Ricky Schmitt,FA,K,0/0,0,0,0,0,0,0,0,0,0,0
714,Logan Payne,FA,WR,0/0,0,0,0,0,0,0,0,0,0,0
715,Matt Willis,Det,WR,0/0,0,0,0,0,0,0,0,0,0,0
716,Billy Latsko,FA,RB,0/0,0,0,0,0,0,0,0,0,0,0
717,Daniel Coats,FA,TE,0/0,0,0,0,0,0,0,0,0,0,0
718,Rhys Lloyd,FA,K,0/0,0,0,0,0,0,0,0,0,0,0
719,Gijon Robinson,FA,TE,0/0,0,0,0,0,0,0,0,0,0,0
720,Charles Ali,FA,RB,0/0,0,0,0,0,0,0,0,0,0,0
721,Richard Bartel,FA,QB,0/0,0,0,0,0,0,0,0,0,0,0
722,Eldra Buckley,FA,RB,0/0,0,0,0,0,0,0,0,0,0,0
723,Brett Ratliff,FA,QB,0/0,0,0,0,0,0,0,0,0,0,0
724,Dominique Zeigler,FA,WR,0/0,0,0,0,0,0,0,0,0,0,0
725,Jake Nordin,FA,TE,0/0,0,0,0,0,0,0,0,0,0,0
726,Titus Ryan,NYJ,WR,0/0,0,0,0,0,0,0,0,0,0,0
727,Devin Thomas,Chi,WR,0/0,0,0,0,0,0,0,0,0,0,0
728,James Hardy,FA,WR,0/0,0,0,0,0,0,0,0,0,0,0
729,Malcolm Kelly,FA,WR,0/0,0,0,0,0,0,0,0,0,0,0
730,Limas Sweed,FA,WR,0/0,0,0,0,0,0,0,0,0,0,0
731,Brian Brohm,FA,QB,0/0,0,0,0,0,0,0,0,0,0,0
732,Dexter Jackson,FA,WR,0/0,0,0,0,0,0,0,0,0,0,0
733,Kevin Smith,FA,RB,0/0,0,0,0,0,0,0,0,0,0,0
734,Jacob Hester,Den,RB,0/0,0,0,0,0,0,0,0,0,0,0
735,Brad Cottam,FA,TE,0/0,0,0,0,0,0,0,0,0,0,0
736,Early Doucet,Ari,WR,0/0,0,0,0,0,0,0,0,0,0,0
737,Craig Stevens,Ten,TE,0/0,0,0,0,0,0,0,0,0,0,0
738,Steve Slaton,FA,RB,0/0,0,0,0,0,0,0,0,0,0,0
739,Kevin O'Connell,FA,QB,0/0,0,0,0,0,0,0,0,0,0,0
740,Andre Caldwell,Den,WR,0/0,0,0,0,0,0,0,0,0,0,0
741,Marcus Smith,FA,WR,0/0,0,0,0,0,0,0,0,0,0,0
742,Martin Rucker,FA,TE,0/0,0,0,0,0,0,0,0,0,0,0
743,Ryan Torain,NYG,RB,0/0,0,0,0,0,0,0,0,0,0,0
744,Gary Barnidge,Cle,TE,0/0,0,0,0,0,0,0,0,0,0,0
745,Jerome Felton,Min,RB,0/0,0,0,0,0,0,0,0,0,0,0
746,Lavelle Hawkins,SF,WR,0/0,0,0,0,0,0,0,0,0,0,0
747,Tim Hightower,FA,RB,0/0,0,0,0,0,0,0,0,0,0,0
748,Matthew Slater,NE,WR,0/0,0,0,0,0,0,0,0,0,0,0
749,Dennis Dixon,Phi,QB,0/0,0,0,0,0,0,0,0,0,0,0
750,Josh Johnson,Cin,QB,0/0,0,0,0,0,0,0,0,0,0,0
751,Owen Schmitt,FA,RB,0/0,0,0,0,0,0,0,0,0,0,0
752,Jalen Parmele,Ten,RB,0/0,0,0,0,0,0,0,0,0,0,0
753,Xavier Omon,FA,RB,0/0,0,0,0,0,0,0,0,0,0,0
754,Spencer Larsen,TB,RB,0/0,0,0,0,0,0,0,0,0,0,0
755,Colt Brennan,FA,QB,0/0,0,0,0,0,0,0,0,0,0,0
756,Paul Hubbard,FA,WR,0/0,0,0,0,0,0,0,0,0,0,0
757,Jaymar Johnson,FA,WR,0/0,0,0,0,0,0,0,0,0,0,0
758,Lex Hilliard,NYJ,RB,0/0,0,0,0,0,0,0,0,0,0,0
759,Chauncey Washington,FA,RB,0/0,0,0,0,0,0,0,0,0,0,0
760,Justin Harper,FA,WR,0/0,0,0,0,0,0,0,0,0,0,0
761,Brett Swain,Sea,WR,0/0,0,0,0,0,0,0,0,0,0,0
762,Chaz Schilens,Det,WR,0/0,0,0,0,0,0,0,0,0,0,0
763,Brandon Coutu,FA,K,0/0,0,0,0,0,0,0,0,0,0,0
764,Adrian Arrington,FA,WR,0/0,0,0,0,0,0,0,0,0,0,0
765,Jed Collins,NO,RB,0/0,0,0,0,0,0,0,0,0,0,0
766,Caleb Hanie,Bal,QB,0/0,0,0,0,0,0,0,0,0,0,0
767,Louis Rankin,FA,RB,0/0,0,0,0,0,0,0,0,0,0,0
768,Samuel Giguere,FA,WR,0/0,0,0,0,0,0,0,0,0,0,0
769,Joey Haynos,FA,TE,0/0,0,0,0,0,0,0,0,0,0,0
770,Lance Long,FA,WR,0/0,0,0,0,0,0,0,0,0,0,0
771,Chad Simpson,FA,RB,0/0,0,0,0,0,0,0,0,0,0,0
772,J.J. Finley,FA,TE,0/0,0,0,0,0,0,0,0,0,0,0
773,Lynell Hamilton,FA,RB,0/0,0,0,0,0,0,0,0,0,0,0
774,Matthew Mulligan,GB,TE,0/0,0,0,0,0,0,0,0,0,0,0
775,Connor Barth,TB,K,0/0,0,0,0,0,0,0,0,0,0,0
776,Jehuu Caulcrick,FA,RB,0/0,0,0,0,0,0,0,0,0,0,0
777,Mike Cox,FA,RB,0/0,0,0,0,0,0,0,0,0,0,0
778,Bruce Hall,FA,RB,0/0,0,0,0,0,0,0,0,0,0,0
779,Kregg Lumpkin,FA,RB,0/0,0,0,0,0,0,0,0,0,0,0
780,Taj Smith,FA,WR,0/0,0,0,0,0,0,0,0,0,0,0
781,Jonathan Stupar,FA,TE,0/0,0,0,0,0,0,0,0,0,0,0
782,Nate Hughes,FA,WR,0/0,0,0,0,0,0,0,0,0,0,0
783,Matt Lawrence,FA,RB,0/0,0,0,0,0,0,0,0,0,0,0
784,D.J. Hall,FA,WR,0/0,0,0,0,0,0,0,0,0,0,0
785,Darnell Jenkins,FA,WR,0/0,0,0,0,0,0,0,0,0,0,0
786,Evan Moore,FA,TE,0/0,0,0,0,0,0,0,0,0,0,0
787,Lance Ball,Den,RB,0/0,0,0,0,0,0,0,0,0,0,0
788,Darius Reynaud,Ten,RB,0/0,0,0,0,0,0,0,0,0,0,0
789,Albert Young,FA,RB,0/0,0,0,0,0,0,0,0,0,0,0
790,Anthony Armstrong,Dal,WR,0/0,0,0,0,0,0,0,0,0,0,0
791,Stefan Logan,FA,RB,0/0,0,0,0,0,0,0,0,0,0,0
792,Sam Swank,FA,K,0/0,0,0,0,0,0,0,0,0,0,0
793,Rhett Bomar,FA,QB,0/0,0,0,0,0,0,0,0,0,0,0
794,Tom Brandstater,FA,QB,0/0,0,0,0,0,0,0,0,0,0,0
795,Hunter Cantwell,FA,QB,0/0,0,0,0,0,0,0,0,0,0,0
796,Rudy Carpenter,FA,QB,0/0,0,0,0,0,0,0,0,0,0,0
797,Nate Davis,FA,QB,0/0,0,0,0,0,0,0,0,0,0,0
798,Brian Hoyer,Cle,QB,0/0,0,0,0,0,0,0,0,0,0,0
799,Stephen McGee,Hou,QB,0/0,0,0,0,0,0,0,0,0,0,0
800,Curtis Painter,NYG,QB,0/0,0,0,0,0,0,0,0,0,0,0
801,John Parker Wilson,Pit,QB,0/0,0,0,0,0,0,0,0,0,0,0
802,Drew Willy,FA,QB,0/0,0,0,0,0,0,0,0,0,0,0
803,Kahlil Bell,NYJ,RB,0/0,0,0,0,0,0,0,0,0,0,0
804,James Davis,FA,RB,0/0,0,0,0,0,0,0,0,0,0,0
805,Herb Donaldson,FA,RB,0/0,0,0,0,0,0,0,0,0,0,0
806,Tony Fiammetta,Chi,RB,0/0,0,0,0,0,0,0,0,0,0,0
807,P.J. Hill,FA,RB,0/0,0,0,0,0,0,0,0,0,0,0
808,Jeremiah Johnson,Den,RB,0/0,0,0,0,0,0,0,0,0,0,0
809,Ian Johnson,FA,RB,0/0,0,0,0,0,0,0,0,0,0,0
810,David Johnson,Pit,TE,0/0,0,0,0,0,0,0,0,0,0,0
811,Gartrell Johnson,FA,RB,0/0,0,0,0,0,0,0,0,0,0,0
812,Quinn Johnson,Ten,RB,0/0,0,0,0,0,0,0,0,0,0,0
813,Jorvorskie Lane,Mia,RB,0/0,0,0,0,0,0,0,0,0,0,0
814,Marcus Mailei,FA,RB,0/0,0,0,0,0,0,0,0,0,0,0
815,Devin Moore,FA,RB,0/0,0,0,0,0,0,0,0,0,0,0
816,Cedric Peerman,Cin,RB,0/0,0,0,0,0,0,0,0,0,0,0
817,Kory Sheets,FA,RB,0/0,0,0,0,0,0,0,0,0,0,0
818,Tyrell Sutton,FA,RB,0/0,0,0,0,0,0,0,0,0,0,0
819,Marcus Thigpen,Mia,RB,0/0,0,0,0,0,0,0,0,0,0,0
820,Javarris Williams,FA,RB,0/0,0,0,0,0,0,0,0,0,0,0
821,Travis Beckum,FA,TE,0/0,0,0,0,0,0,0,0,0,0,0
822,Chase Coffman,Atl,TE,0/0,0,0,0,0,0,0,0,0,0,0
823,Davon Drew,FA,TE,0/0,0,0,0,0,0,0,0,0,0,0
824,Dan Gronkowski,Cle,TE,0/0,0,0,0,0,0,0,0,0,0,0
825,Anthony Hill,FA,TE,0/0,0,0,0,0,0,0,0,0,0,0
826,Cornelius Ingram,FA,TE,0/0,0,0,0,0,0,0,0,0,0,0
827,Cameron Morrah,FA,TE,0/0,0,0,0,0,0,0,0,0,0,0
828,Rob Myers,FA,TE,0/0,0,0,0,0,0,0,0,0,0,0
829,Shawn Nelson,FA,TE,0/0,0,0,0,0,0,0,0,0,0,0
830,Bear Pascoe,NYG,TE,0/0,0,0,0,0,0,0,0,0,0,0
831,Ryan Purvis,FA,TE,0/0,0,0,0,0,0,0,0,0,0,0
832,Richard Quinn,Cin,TE,0/0,0,0,0,0,0,0,0,0,0,0
833,Kory Sperry,Ari,TE,0/0,0,0,0,0,0,0,0,0,0,0
834,Eddie Williams,FA,RB,0/0,0,0,0,0,0,0,0,0,0,0
835,Ramses Barden,NYG,WR,0/0,0,0,0,0,0,0,0,0,0,0
836,Deon Butler,SD,WR,0/0,0,0,0,0,0,0,0,0,0,0
837,Demetrius Byrd,FA,WR,0/0,0,0,0,0,0,0,0,0,0,0
838,Quan Cosby,FA,WR,0/0,0,0,0,0,0,0,0,0,0,0
839,Jarett Dillard,Ari,WR,0/0,0,0,0,0,0,0,0,0,0,0
840,Dominique Edison,FA,WR,0/0,0,0,0,0,0,0,0,0,0,0
841,Brooks Foster,FA,WR,0/0,0,0,0,0,0,0,0,0,0,0
842,Juaquin Iglesias,FA,WR,0/0,0,0,0,0,0,0,0,0,0,0
843,Manuel Johnson,FA,WR,0/0,0,0,0,0,0,0,0,0,0,0
844,Jordan Norwood,Cle,WR,0/0,0,0,0,0,0,0,0,0,0,0
845,Greg Orton,Den,WR,0/0,0,0,0,0,0,0,0,0,0,0
846,Brian Robiskie,Det,WR,0/0,0,0,0,0,0,0,0,0,0,0
847,Sammie Stroughter,FA,WR,0/0,0,0,0,0,0,0,0,0,0,0
848,Brandon Tate,Cin,WR,0/0,0,0,0,0,0,0,0,0,0,0
849,Mike Thomas,Det,WR,0/0,0,0,0,0,0,0,0,0,0,0
850,Patrick Turner,FA,WR,0/0,0,0,0,0,0,0,0,0,0,0
851,Derrick Williams,FA,WR,0/0,0,0,0,0,0,0,0,0,0,0
852,Aaron Brown,FA,RB,0/0,0,0,0,0,0,0,0,0,0,0
853,Freddie Brown,FA,WR,0/0,0,0,0,0,0,0,0,0,0,0
854,Johnny Knox,FA,WR,0/0,0,0,0,0,0,0,0,0,0,0
855,Zach Miller,TB,TE,0/0,0,0,0,0,0,0,0,0,0,0
856,John Nalbone,FA,TE,0/0,0,0,0,0,0,0,0,0,0,0
857,Keith Null,FA,QB,0/0,0,0,0,0,0,0,0,0,0,0
858,Jake O'Connell,Den,TE,0/0,0,0,0,0,0,0,0,0,0,0
859,Frank Summers,Buf,RB,0/0,0,0,0,0,0,0,0,0,0,0
860,Fui Vakapuna,FA,RB,0/0,0,0,0,0,0,0,0,0,0,0
861,Brock Bolen,Cle,RB,0/0,0,0,0,0,0,0,0,0,0,0
862,Curtis Brinkley,Chi,RB,0/0,0,0,0,0,0,0,0,0,0,0
863,Charly Martin,Jac,WR,0/0,0,0,0,0,0,0,0,0,0,0
864,Will Ta'ufo'ou,Jac,RB,0/0,0,0,0,0,0,0,0,0,0,0
865,Kevin Brock,KC,TE,0/0,0,0,0,0,0,0,0,0,0,0
866,Tyler Grisham,FA,WR,0/0,0,0,0,0,0,0,0,0,0,0
867,Brit Miller,FA,RB,0/0,0,0,0,0,0,0,0,0,0,0
868,Chris Pressley,Cin,RB,0/0,0,0,0,0,0,0,0,0,0,0
869,Robert Agnone,FA,TE,0/0,0,0,0,0,0,0,0,0,0,0
870,Nick Miller,Phi,WR,0/0,0,0,0,0,0,0,0,0,0,0
871,Colin Cloherty,Atl,TE,0/0,0,0,0,0,0,0,0,0,0,0
872,Britt Davis,FA,WR,0/0,0,0,0,0,0,0,0,0,0,0
873,Kole Heckendorf,FA,WR,0/0,0,0,0,0,0,0,0,0,0,0
874,John Matthews,FA,WR,0/0,0,0,0,0,0,0,0,0,0,0
875,Zach Potter,StL,TE,0/0,0,0,0,0,0,0,0,0,0,0
876,Swayze Waters,FA,K,0/0,0,0,0,0,0,0,0,0,0,0
877,Pat Williams,FA,WR,0/0,0,0,0,0,0,0,0,0,0,0
878,Kareem Huggins,FA,RB,0/0,0,0,0,0,0,0,0,0,0,0
879,Darrel Young,Wsh,RB,0/0,0,0,0,0,0,0,0,0,0,0
880,Eron Riley,FA,WR,0/0,0,0,0,0,0,0,0,0,0,0
881,Isaiah Williams,Oak,WR,0/0,0,0,0,0,0,0,0,0,0,0
882,Ed Gant,FA,WR,0/0,0,0,0,0,0,0,0,0,0,0
883,Antone Smith,Atl,RB,0/0,0,0,0,0,0,0,0,0,0,0
884,Chris Jennings,FA,RB,0/0,0,0,0,0,0,0,0,0,0,0
885,Tristan Davis,Wsh,RB,0/0,0,0,0,0,0,0,0,0,0,0
886,Julius Pruitt,Mia,WR,0/0,0,0,0,0,0,0,0,0,0,0
887,Martell Mallett,FA,RB,0/0,0,0,0,0,0,0,0,0,0,0
888,Chad Hall,SF,WR,0/0,0,0,0,0,0,0,0,0,0,0
889,Clint Stitser,FA,K,0/0,0,0,0,0,0,0,0,0,0,0
890,Todd Carter,FA,K,0/0,0,0,0,0,0,0,0,0,0,0
891,Jimmy Clausen,Car,QB,0/0,0,0,0,0,0,0,0,0,0,0
892,Tony Pike,FA,QB,0/0,0,0,0,0,0,0,0,0,0,0
893,Dan LeFevour,FA,QB,0/0,0,0,0,0,0,0,0,0,0,0
894,Jahvid Best,Det,RB,0/0,0,0,0,0,0,0,0,0,0,0
895,Anthony Dixon,SF,RB,0/0,0,0,0,0,0,0,0,0,0,0
896,Arrelious Benn,Phi,WR,0/0,0,0,0,0,0,0,0,0,0,0
897,Damian Williams,Ten,WR,0/0,0,0,0,0,0,0,0,0,0,0
898,Mardy Gilyard,NYJ,WR,0/0,0,0,0,0,0,0,0,0,0,0
899,Carlton Mitchell,TB,WR,0/0,0,0,0,0,0,0,0,0,0,0
900,Taylor Price,Jac,WR,0/0,0,0,0,0,0,0,0,0,0,0
901,Marcus Easley,Buf,WR,0/0,0,0,0,0,0,0,0,0,0,0
902,Dezmon Briscoe,Wsh,WR,0/0,0,0,0,0,0,0,0,0,0,0
903,Armanti Edwards,Car,WR,0/0,0,0,0,0,0,0,0,0,0,0
904,Terrence Austin,Det,WR,0/0,0,0,0,0,0,0,0,0,0,0
905,Levi Brown,FA,QB,0/0,0,0,0,0,0,0,0,0,0,0
906,Nate Byham,TB,TE,0/0,0,0,0,0,0,0,0,0,0,0
907,Sean Canfield,FA,QB,0/0,0,0,0,0,0,0,0,0,0,0
908,Mike Caussin,Buf,TE,0/0,0,0,0,0,0,0,0,0,0,0
909,John Conner,Cin,RB,0/0,0,0,0,0,0,0,0,0,0,0
910,Jonathan Crompton,FA,QB,0/0,0,0,0,0,0,0,0,0,0,0
911,Ryan D'Imperio,NYG,RB,0/0,0,0,0,0,0,0,0,0,0,0
912,Dorin Dickerson,Buf,TE,0/0,0,0,0,0,0,0,0,0,0,0
913,Jim Dray,Ari,TE,0/0,0,0,0,0,0,0,0,0,0,0
914,Brody Eldridge,Chi,TE,0/0,0,0,0,0,0,0,0,0,0,0
915,Dedrick Epps,NYJ,TE,0/0,0,0,0,0,0,0,0,0,0,0
916,David Gettis,Car,WR,0/0,0,0,0,0,0,0,0,0,0,0
917,Clay Harbor,Phi,TE,0/0,0,0,0,0,0,0,0,0,0,0
918,Trindon Holliday,Den,WR,0/0,0,0,0,0,0,0,0,0,0,0
919,Mike Kafka,Jac,QB,0/0,0,0,0,0,0,0,0,0,0,0
920,Deji Karim,Hou,RB,0/0,0,0,0,0,0,0,0,0,0,0
921,Jameson Konz,Sea,TE,0/0,0,0,0,0,0,0,0,0,0,0
922,Erik Lorig,TB,RB,0/0,0,0,0,0,0,0,0,0,0,0
923,Marc Mariani,Ten,WR,0/0,0,0,0,0,0,0,0,0,0,0
924,Kerry Meier,FA,WR,0/0,0,0,0,0,0,0,0,0,0,0
925,Dennis Morris,FA,TE,0/0,0,0,0,0,0,0,0,0,0,0
926,Fendi Onobun,Chi,TE,0/0,0,0,0,0,0,0,0,0,0,0
927,David Reed,Bal,WR,0/0,0,0,0,0,0,0,0,0,0,0
928,Zac Robinson,Cin,QB,0/0,0,0,0,0,0,0,0,0,0,0
929,Charles Scott,FA,RB,0/0,0,0,0,0,0,0,0,0,0,0
930,Mickey Shuler,Ari,TE,0/0,0,0,0,0,0,0,0,0,0,0
931,Rusty Smith,Ten,QB,0/0,0,0,0,0,0,0,0,0,0,0
932,Tim Toone,NO,WR,0/0,0,0,0,0,0,0,0,0,0,0
933,Joe Webb,Min,WR,0/0,0,0,0,0,0,0,0,0,0,0
934,Stephen Williams,Sea,WR,0/0,0,0,0,0,0,0,0,0,0,0
935,Jeremy Horne,KC,WR,0/0,0,0,0,0,0,0,0,0,0,0
936,Tervaris Johnson,FA,RB,0/0,0,0,0,0,0,0,0,0,0,0
937,Greg Mathews,FA,WR,0/0,0,0,0,0,0,0,0,0,0,0
938,Brandon Minor,FA,RB,0/0,0,0,0,0,0,0,0,0,0,0
939,Antonio Robinson,FA,WR,0/0,0,0,0,0,0,0,0,0,0,0
940,Seyi Ajirotutu,SD,WR,0/0,0,0,0,0,0,0,0,0,0,0
941,Richie Brockel,Car,TE,0/0,0,0,0,0,0,0,0,0,0,0
942,Carlos Brown,FA,RB,0/0,0,0,0,0,0,0,0,0,0,0
943,Tim Buckley,FA,WR,0/0,0,0,0,0,0,0,0,0,0,0
944,Duke Calhoun,Oak,WR,0/0,0,0,0,0,0,0,0,0,0,0
945,Richard Goodman,SD,WR,0/0,0,0,0,0,0,0,0,0,0,0
946,Chris Gronkowski,SD,RB,0/0,0,0,0,0,0,0,0,0,0,0
947,Max Hall,FA,QB,0/0,0,0,0,0,0,0,0,0,0,0
948,Rashawn Jackson,FA,RB,0/0,0,0,0,0,0,0,0,0,0,0
949,Stafon Johnson,FA,RB,0/0,0,0,0,0,0,0,0,0,0,0
950,Donald Jones,Buf,WR,0/0,0,0,0,0,0,0,0,0,0,0
951,Kevin Jurovich,FA,WR,0/0,0,0,0,0,0,0,0,0,0,0
952,Max Komar,FA,WR,0/0,0,0,0,0,0,0,0,0,0,0
953,Thad Lewis,Det,QB,0/0,0,0,0,0,0,0,0,0,0,0
954,Garrett Lindholm,FA,K,0/0,0,0,0,0,0,0,0,0,0,0
955,Jamie McCoy,Pit,TE,0/0,0,0,0,0,0,0,0,0,0,0
956,Shawnbrey McNeal,FA,RB,0/0,0,0,0,0,0,0,0,0,0,0
957,Lonyae Miller,FA,RB,0/0,0,0,0,0,0,0,0,0,0,0
958,Dimitri Nance,FA,RB,0/0,0,0,0,0,0,0,0,0,0,0
959,David Nelson,Cle,WR,0/0,0,0,0,0,0,0,0,0,0,0
960,Michael Palmer,Pit,TE,0/0,0,0,0,0,0,0,0,0,0,0
961,Aaron Pettrey,FA,K,0/0,0,0,0,0,0,0,0,0,0,0
962,Naaman Roosevelt,Cle,WR,0/0,0,0,0,0,0,0,0,0,0,0
963,Alfonso Smith,Ari,RB,0/0,0,0,0,0,0,0,0,0,0,0
964,Juamorris Stewart,FA,WR,0/0,0,0,0,0,0,0,0,0,0,0
965,Keith Toston,Jac,RB,0/0,0,0,0,0,0,0,0,0,0,0
966,Verran Tucker,FA,WR,0/0,0,0,0,0,0,0,0,0,0,0
967,Roberto Wallace,Ten,WR,0/0,0,0,0,0,0,0,0,0,0,0
968,Bryan Walters,Sea,WR,0/0,0,0,0,0,0,0,0,0,0,0
969,Jeremy Williams,FA,WR,0/0,0,0,0,0,0,0,0,0,0,0
970,Jarrett Brown,FA,QB,0/0,0,0,0,0,0,0,0,0,0,0
971,Shay Hodge,FA,WR,0/0,0,0,0,0,0,0,0,0,0,0
972,Jeron Mastrud,Oak,TE,0/0,0,0,0,0,0,0,0,0,0,0
973,Preston Parker,NO,WR,0/0,0,0,0,0,0,0,0,0,0,0
974,Jevan Snead,FA,QB,0/0,0,0,0,0,0,0,0,0,0,0
975,Keiland Williams,Wsh,RB,0/0,0,0,0,0,0,0,0,0,0,0
976,Matt Clapp,FA,RB,0/0,0,0,0,0,0,0,0,0,0,0
977,Richard Dickson,FA,TE,0/0,0,0,0,0,0,0,0,0,0,0
978,Brandon James,FA,WR,0/0,0,0,0,0,0,0,0,0,0,0
979,Javarris James,Ari,RB,0/0,0,0,0,0,0,0,0,0,0,0
980,Michael Moore,FA,WR,0/0,0,0,0,0,0,0,0,0,0,0
981,Quinn Porter,FA,RB,0/0,0,0,0,0,0,0,0,0,0,0
982,Brett Swenson,FA,K,0/0,0,0,0,0,0,0,0,0,0,0
983,Chastin West,FA,WR,0/0,0,0,0,0,0,0,0,0,0,0
984,Blair White,FA,WR,0/0,0,0,0,0,0,0,0,0,0,0
985,Trent Guy,FA,WR,0/0,0,0,0,0,0,0,0,0,0,0
986,Nathan Overbay,Pit,TE,0/0,0,0,0,0,0,0,0,0,0,0
987,Manase Tonga,FA,RB,0/0,0,0,0,0,0,0,0,0,0,0
988,Chris Brooks,FA,WR,0/0,0,0,0,0,0,0,0,0,0,0
989,Dominique Curry,Car,WR,0/0,0,0,0,0,0,0,0,0,0,0
990,Damola Adeniji,FA,WR,0/0,0,0,0,0,0,0,0,0,0,0
991,Steve Maneri,Chi,TE,0/0,0,0,0,0,0,0,0,0,0,0
992,Andy Tanner,NO,WR,0/0,0,0,0,0,0,0,0,0,0,0
993,Harvey Unga,Chi,RB,0/0,0,0,0,0,0,0,0,0,0,0
994,Andre' Anderson,FA,RB,0/0,0,0,0,0,0,0,0,0,0,0
995,Josh Vaughan,Atl,RB,0/0,0,0,0,0,0,0,0,0,0,0
996,James Develin,NE,RB,0/0,0,0,0,0,0,0,0,0,0,0
997,Rod Windsor,FA,WR,0/0,0,0,0,0,0,0,0,0,0,0
998,Tyler Clutts,Hou,RB,0/0,0,0,0,0,0,0,0,0,0,0
999,Fabrizio Scaccia,FA,K,0/0,0,0,0,0,0,0,0,0,0,0
1000,Chris Carter,FA,WR,0/0,0,0,0,0,0,0,0,0,0,0
1001,Caz Piurowski,FA,TE,0/0,0,0,0,0,0,0,0,0,0,0
1002,Andy Fantuz,FA,WR,0/0,0,0,0,0,0,0,0,0,0,0
1003,Wes Lyons,FA,WR,0/0,0,0,0,0,0,0,0,0,0,0
1004,Emmanuel Arceneaux,FA,WR,0/0,0,0,0,0,0,0,0,0,0,0
1005,Ryan Perrilloux,FA,QB,0/0,0,0,0,0,0,0,0,0,0,0
1006,Titus Young,FA,WR,0/0,0,0,0,0,0,0,0,0,0,0
1007,Austin Pettis,StL,WR,0/0,0,0,0,0,0,0,0,0,0,0
1008,Jerrel Jernigan,NYG,WR,0/0,0,0,0,0,0,0,0,0,0,0
1009,DeMarco Sampson,Buf,WR,0/0,0,0,0,0,0,0,0,0,0,0
1010,Baron Batch,Pit,RB,0/0,0,0,0,0,0,0,0,0,0,0
1011,Ricky Stanzi,KC,QB,0/0,0,0,0,0,0,0,0,0,0,0
1012,Bruce Miller,SF,RB,0/0,0,0,0,0,0,0,0,0,0,0
1013,Jay Finley,FA,RB,0/0,0,0,0,0,0,0,0,0,0,0
1014,Shaun Chapas,Det,RB,0/0,0,0,0,0,0,0,0,0,0,0
1015,Kris Durham,Det,WR,0/0,0,0,0,0,0,0,0,0,0,0
1016,Greg McElroy,NYJ,QB,0/0,0,0,0,0,0,0,0,0,0,0
1017,Stanley Havili,Ind,RB,0/0,0,0,0,0,0,0,0,0,0,0
1018,Greg Salas,Phi,WR,0/0,0,0,0,0,0,0,0,0,0,0
1019,Johnny White,FA,RB,0/0,0,0,0,0,0,0,0,0,0,0
1020,Nathan Enderle,SD,QB,0/0,0,0,0,0,0,0,0,0,0,0
1021,Daniel Hardy,FA,TE,0/0,0,0,0,0,0,0,0,0,0,0
1022,Owen Marecic,Cle,RB,0/0,0,0,0,0,0,0,0,0,0,0
1023,Ryan Whalen,Cin,WR,0/0,0,0,0,0,0,0,0,0,0,0
1024,Anthony Sherman,KC,RB,0/0,0,0,0,0,0,0,0,0,0,0
1025,Ronald Johnson,FA,WR,0/0,0,0,0,0,0,0,0,0,0,0
1026,Kealoha Pilares,Car,WR,0/0,0,0,0,0,0,0,0,0,0,0
1027,Niles Paul,Wsh,TE,0/0,0,0,0,0,0,0,0,0,0,0
1028,D.J. Williams,GB,TE,0/0,0,0,0,0,0,0,0,0,0,0
1029,Scotty McKnight,FA,WR,0/0,0,0,0,0,0,0,0,0,0,0
1030,Aldrick Robinson,Wsh,WR,0/0,0,0,0,0,0,0,0,0,0,0
1031,Shane Bannon,FA,RB,0/0,0,0,0,0,0,0,0,0,0,0
1032,Taiwan Jones,Oak,RB,0/0,0,0,0,0,0,0,0,0,0,0
1033,Jordan Todman,Jac,RB,0/0,0,0,0,0,0,0,0,0,0,0
1034,Jamie Harper,FA,RB,0/0,0,0,0,0,0,0,0,0,0,0
1035,Dion Lewis,Cle,RB,0/0,0,0,0,38,171,0,32,206,2,49
1036,Clyde Gates,NYJ,WR,0/0,0,0,0,0,0,0,0,0,0,0
1037,Stephen Burton,Min,WR,0/0,0,0,0,0,0,0,0,0,0,0
1038,Richard Gordon,Oak,TE,0/0,0,0,0,0,0,0,0,0,0,0
1039,Ryan Taylor,GB,TE,0/0,0,0,0,0,0,0,0,0,0,0
1040,Kyle Adams,Chi,TE,0/0,0,0,0,0,0,0,0,0,0,0
1041,Armon Binns,Mia,WR,0/0,0,0,0,0,0,0,0,0,0,0
1042,Dorson Boyce,FA,RB,0/0,0,0,0,0,0,0,0,0,0,0
1043,John Clay,FA,RB,0/0,0,0,0,0,0,0,0,0,0,0
1044,Graig Cooper,FA,RB,0/0,0,0,0,0,0,0,0,0,0,0
1045,Pat Devlin,Mia,QB,0/0,0,0,0,0,0,0,0,0,0,0
1046,Tommy Gallarda,Atl,TE,0/0,0,0,0,0,0,0,0,0,0,0
1047,Robert Hughes,Ind,RB,0/0,0,0,0,0,0,0,0,0,0,0
1048,Jerrod Johnson,FA,QB,0/0,0,0,0,0,0,0,0,0,0,0
1049,Ricardo Lockette,SF,WR,0/0,0,0,0,0,0,0,0,0,0,0
1050,Ryan Mahaffey,FA,RB,0/0,0,0,0,0,0,0,0,0,0,0
1051,Kyle Miller,Mia,TE,0/0,0,0,0,0,0,0,0,0,0,0
1052,Richard Murphy,FA,RB,0/0,0,0,0,0,0,0,0,0,0,0
1053,Jamar Newsome,KC,WR,0/0,0,0,0,0,0,0,0,0,0,0
1054,Josh Portis,FA,QB,0/0,0,0,0,0,0,0,0,0,0,0
1055,Dane Sanzenbacher,Cin,WR,0/0,0,0,0,0,0,0,0,0,0,0
1056,Weslye Saunders,Ind,TE,0/0,0,0,0,0,0,0,0,0,0,0
1057,Andre Smith,Dal,TE,0/0,0,0,0,0,0,0,0,0,0,0
1058,Jimmy Young,FA,WR,0/0,0,0,0,0,0,0,0,0,0,0
1059,Kris Adams,NYG,WR,0/0,0,0,0,0,0,0,0,0,0,0
1060,Josh Baker,FA,TE,0/0,0,0,0,0,0,0,0,0,0,0
1061,Patrick DiMarco,Atl,RB,0/0,0,0,0,0,0,0,0,0,0,0
1062,Scott Tolzien,SF,QB,0/0,0,0,0,0,0,0,0,0,0,0
1063,Trevor Vittatoe,FA,QB,0/0,0,0,0,0,0,0,0,0,0,0
1064,Matt Asiata,Min,RB,0/0,0,0,0,0,0,0,0,0,0,0
1065,Dontavia Bogan,FA,WR,0/0,0,0,0,0,0,0,0,0,0,0
1066,Mark Dell,FA,WR,0/0,0,0,0,0,0,0,0,0,0,0
1067,Mario Fannin,FA,RB,0/0,0,0,0,0,0,0,0,0,0,0
1068,D'Andre Goodwin,FA,WR,0/0,0,0,0,0,0,0,0,0,0,0
1069,Jamel Hamler,FA,WR,0/0,0,0,0,0,0,0,0,0,0,0
1070,Mike Higgins,NO,TE,0/0,0,0,0,0,0,0,0,0,0,0
1071,Chris Hogan,Buf,WR,0/0,0,0,0,0,0,0,0,0,0,0
1072,Andre Holmes,Oak,WR,0/0,0,0,0,0,0,0,0,0,0,0
1073,Mossis Madu,NYJ,RB,0/0,0,0,0,0,0,0,0,0,0,0
1074,William Powell,Ari,RB,0/0,0,0,0,0,0,0,0,0,0,0
1075,Allen Reisner,Jac,TE,0/0,0,0,0,0,0,0,0,0,0,0
1076,Konrad Reuland,NYJ,TE,0/0,0,0,0,0,0,0,0,0,0,0
1077,Austin Sylvester,FA,RB,0/0,0,0,0,0,0,0,0,0,0,0
1078,Raymond Webber,FA,WR,0/0,0,0,0,0,0,0,0,0,0,0
1079,Drew Davis,Atl,WR,0/0,0,0,0,0,0,0,0,0,0,0
1080,Collin Franklin,FA,TE,0/0,0,0,0,0,0,0,0,0,0,0
1081,Chris Koepplin,FA,K,0/0,0,0,0,0,0,0,0,0,0,0
1082,Jeremy Ross,GB,WR,0/0,0,0,0,0,0,0,0,0,0,0
1083,Damien Berry,Bal,RB,0/0,0,0,0,0,0,0,0,0,0,0
1084,Vai Taua,FA,RB,0/0,0,0,0,0,0,0,0,0,0,0
1085,LaQuan Williams,Bal,WR,0/0,0,0,0,0,0,0,0,0,0,0
1086,Brett Brackett,Jac,TE,0/0,0,0,0,0,0,0,0,0,0,0
1087,Jake Rogers,FA,K,0/0,0,0,0,0,0,0,0,0,0,0
1088,Zack Pianalto,Car,TE,0/0,0,0,0,0,0,0,0,0,0,0
1089,Terrence Toliver,Chi,WR,0/0,0,0,0,0,0,0,0,0,0,0
1090,Kamar Aiken,NE,WR,0/0,0,0,0,0,0,0,0,0,0,0
1091,Brandon Saine,FA,RB,0/0,0,0,0,0,0,0,0,0,0,0
1092,Jeff Maehl,Phi,WR,0/0,0,0,0,0,0,0,0,0,0,0
1093,McLeod Bethel-Thompson,Min,QB,0/0,0,0,0,0,0,0,0,0,0,0
1094,Shaky Smithson,FA,WR,0/0,0,0,0,0,0,0,0,0,0,0
1095,Henry Hynoski,NYG,RB,0/0,0,0,0,0,0,0,0,0,0,0
1096,Michael Preston,Ten,WR,0/0,0,0,0,0,0,0,0,0,0,0
1097,Phillip Tanner,Dal,RB,0/0,0,0,0,0,0,0,0,0,0,0
1098,Ben Guidugli,NYG,TE,0/0,0,0,0,0,0,0,0,0,0,0
1099,Mike McNeill,StL,TE,0/0,0,0,0,0,0,0,0,0,0,0
1100,Colin Cochart,Dal,TE,0/0,0,0,0,0,0,0,0,0,0,0
1101,Eddie Wide,FA,RB,0/0,0,0,0,0,0,0,0,0,0,0
1102,Thomas Weber,FA,K,0/0,0,0,0,0,0,0,0,0,0,0
1103,Landon Cox,FA,WR,0/0,0,0,0,0,0,0,0,0,0,0
1104,David Gilreath,Pit,WR,0/0,0,0,0,0,0,0,0,0,0,0
1105,Darren Evans,FA,RB,0/0,0,0,0,0,0,0,0,0,0,0
1106,John Griffin,NYJ,RB,0/0,0,0,0,0,0,0,0,0,0,0
1107,Raymond Radway,StL,WR,0/0,0,0,0,0,0,0,0,0,0,0
1108,Jeff Wolfert,FA,K,0/0,0,0,0,0,0,0,0,0,0,0
1109,Adi Kunalic,FA,K,0/0,0,0,0,0,0,0,0,0,0,0
1110,Darvin Adams,FA,WR,0/0,0,0,0,0,0,0,0,0,0,0
1111,Armond Smith,Car,RB,0/0,0,0,0,0,0,0,0,0,0,0
1112,Derrick Jones,FA,WR,0/0,0,0,0,0,0,0,0,0,0,0
1113,James McCluskey,FA,RB,0/0,0,0,0,0,0,0,0,0,0,0
1114,Kevin Cone,Atl,WR,0/0,0,0,0,0,0,0,0,0,0,0
1115,Caleb King,FA,RB,0/0,0,0,0,0,0,0,0,0,0,0
1116,Will Johnson,Pit,RB,0/0,0,0,0,0,0,0,0,0,0,0
1117,Andre Hardy,FA,TE,0/0,0,0,0,0,0,0,0,0,0,0
1118,Les Brown,FA,TE,0/0,0,0,0,0,0,0,0,0,0,0
1119,Kellen Moore,Det,QB,0/0,0,0,0,0,0,0,0,0,0,0
1120,Ryan Lindley,Ari,QB,0/0,0,0,0,0,0,0,0,0,0,0
1121,Edwin Baker,SD,RB,0/0,0,0,0,0,0,0,0,0,0,0
1122,Tauren Poole,Car,RB,0/0,0,0,0,0,0,0,0,0,0,0
1123,Chris Rainey,FA,RB,0/0,0,0,0,0,0,0,0,0,0,0
1124,Orson Charles,Cin,TE,0/0,0,0,0,0,0,0,0,0,0,0
1125,Michael Egnew,Mia,TE,0/0,0,0,0,0,0,0,0,0,0,0
1126,Marvin McNutt,Mia,WR,0/0,0,0,0,0,0,0,0,0,0,0
1127,Joe Adams,Car,WR,0/0,0,0,0,0,0,0,0,0,0,0
1128,Devon Wylie,KC,WR,0/0,0,0,0,0,0,0,0,0,0,0
1129,DeVier Posey,Hou,WR,0/0,0,0,0,0,0,0,0,0,0,0
1130,Jordan White,NYJ,WR,0/0,0,0,0,0,0,0,0,0,0,0
1131,Drake Dunsmore,FA,TE,0/0,0,0,0,0,0,0,0,0,0,0
1132,Rhett Ellison,Min,TE,0/0,0,0,0,0,0,0,0,0,0,0
1133,Chandler Harnish,Ind,QB,0/0,0,0,0,0,0,0,0,0,0,0
1134,B.J. Coleman,GB,QB,0/0,0,0,0,0,0,0,0,0,0,0
1135,Junior Hemingway,KC,WR,0/0,0,0,0,0,0,0,0,0,0,0
1136,LaVon Brazill,Ind,WR,0/0,0,0,0,0,0,0,0,0,0,0
1137,Danny Coale,Dal,WR,0/0,0,0,0,0,0,0,0,0,0,0
1138,B.J. Cunningham,Phi,WR,0/0,0,0,0,0,0,0,0,0,0,0
1139,Dan Herron,Cin,RB,0/0,0,0,0,0,0,0,0,0,0,0
1140,Bradie Ewing,Atl,RB,0/0,0,0,0,0,0,0,0,0,0,0
1141,Jeremy Ebert,Jac,WR,0/0,0,0,0,0,0,0,0,0,0,0
1142,Brad Smelley,Cle,TE,0/0,0,0,0,0,0,0,0,0,0,0
1143,Travis Benjamin,Cle,WR,0/0,0,0,0,0,0,0,0,0,0,0
1144,Greg Childs,Min,WR,0/0,0,0,0,0,0,0,0,0,0,0
1145,Rishard Matthews,Mia,WR,0/0,0,0,0,0,0,0,0,0,0,0
1146,Toney Clemons,Jac,WR,0/0,0,0,0,0,0,0,0,0,0,0
1147,John Potter,Wsh,K,0/0,0,0,0,0,0,0,0,0,0,0
1148,Michael Smith,TB,RB,0/0,0,0,0,0,0,0,0,0,0,0
1149,Collin Mooney,Ten,RB,0/0,0,0,0,0,0,0,0,0,0,0
1150,James Rodgers,Atl,WR,0/0,0,0,0,0,0,0,0,0,0,0
1151,LaMark Brown,Min,TE,0/0,0,0,0,0,0,0,0,0,0,0
1152,Adam Nissley,Atl,TE,0/0,0,0,0,0,0,0,0,0,0,0
1153,Deangelo Peterson,Den,TE,0/0,0,0,0,0,0,0,0,0,0,0
1154,Marcus Jackson,Atl,WR,0/0,0,0,0,0,0,0,0,0,0,0
1155,Dominique Davis,Atl,QB,0/0,0,0,0,0,0,0,0,0,0,0
1156,Case Keenum,Hou,QB,0/0,0,0,0,0,0,0,0,0,0,0
1157,Kashif Moore,Pit,WR,0/0,0,0,0,0,0,0,0,0,0,0
1158,Aaron Corp,Mia,QB,0/0,0,0,0,0,0,0,0,0,0,0
1159,Devin Aguilar,FA,WR,0/0,0,0,0,0,0,0,0,0,0,0
1160,Nathan Palmer,Ind,WR,0/0,0,0,0,0,0,0,0,0,0,0
1161,Brandon Barden,Ten,TE,0/0,0,0,0,0,0,0,0,0,0,0
1162,Josh Cooper,Cle,WR,0/0,0,0,0,0,0,0,0,0,0,0
1163,Garrett Celek,SF,TE,0/0,0,0,0,0,0,0,0,0,0,0
1164,Gerell Robinson,Den,WR,0/0,0,0,0,0,0,0,0,0,0,0
1165,D.J. Woods,FA,WR,0/0,0,0,0,0,0,0,0,0,0,0
1166,Jewel Hampton,SF,RB,0/0,0,0,0,0,0,0,0,0,0,0
1167,Cory Harkey,StL,TE,0/0,0,0,0,0,0,0,0,0,0,0
1168,Chris Owusu,TB,WR,0/0,0,0,0,0,0,0,0,0,0,0
1169,Justin Hilton,Ten,WR,0/0,0,0,0,0,0,0,0,0,0,0
1170,Taveon Rogers,Cin,WR,0/0,0,0,0,0,0,0,0,0,0,0
1171,Dale Moss,Car,WR,0/0,0,0,0,0,0,0,0,0,0,0
1172,Phillip Supernaw,Hou,TE,0/0,0,0,0,0,0,0,0,0,0,0
1173,Nick Stephens,Dal,QB,0/0,0,0,0,0,0,0,0,0,0,0
1174,Brandon Carswell,SF,WR,0/0,0,0,0,0,0,0,0,0,0,0
1175,Joe Banyard,Min,RB,0/0,0,0,0,0,0,0,0,0,0,0
1176,Cody Johnson,FA,RB,0/0,0,0,0,0,0,0,0,0,0,0
1177,G.J. Kinne,Phi,QB,0/0,0,0,0,0,0,0,0,0,0,0
1178,Donavon Kemp,Sea,WR,0/0,0,0,0,0,0,0,0,0,0,0
1179,Matt Veldman,Det,TE,0/0,0,0,0,0,0,0,0,0,0,0
1180,Darius Hanks,FA,WR,0/0,0,0,0,0,0,0,0,0,0,0
1181,Marquis Maze,FA,WR,0/0,0,0,0,0,0,0,0,0,0,0
1182,Kevin Elliott,Buf,WR,0/0,0,0,0,0,0,0,0,0,0,0
1183,Andrew Szczerba,Atl,TE,0/0,0,0,0,0,0,0,0,0,0,0
1184,Jeff Fuller,Mia,WR,0/0,0,0,0,0,0,0,0,0,0,0
1185,Cole Beasley,Dal,WR,0/0,0,0,0,0,0,0,0,0,0,0
1186,Nelson Rosario,Car,WR,0/0,0,0,0,0,0,0,0,0,0,0
1187,Beau Brinkley,Ten,TE,0/0,0,0,0,0,0,0,0,0,0,0
1188,Jarrett Boykin,GB,WR,0/0,0,0,0,0,0,0,0,0,0,0
1189,Griff Whalen,Ind,WR,0/0,0,0,0,0,0,0,0,0,0,0
1190,Tyler Urban,FA,TE,0/0,0,0,0,0,0,0,0,0,0,0
1191,Tim Benford,Dal,WR,0/0,0,0,0,0,0,0,0,0,0,0
1192,Jabin Sambrano,Ind,WR,0/0,0,0,0,0,0,0,0,0,0,0
1193,Dominique Jones,Ind,TE,0/0,0,0,0,0,0,0,0,0,0,0
1194,Kamar Jorden,FA,WR,0/0,0,0,0,0,0,0,0,0,0,0
1195,Saalim Hakim,NO,WR,0/0,0,0,0,0,0,0,0,0,0,0
1196,Derek Carrier,Phi,WR,0/0,0,0,0,0,0,0,0,0,0,0
1197,Brian Hernandez,FA,WR,0/0,0,0,0,0,0,0,0,0,0,0
1198,Matt Simms,NYJ,QB,0/0,0,0,0,0,0,0,0,0,0,0
1199,Marc Tyler,FA,RB,0/0,0,0,0,0,0,0,0,0,0,0
1200,Danny Noble,TB,TE,0/0,0,0,0,0,0,0,0,0,0,0
1201,Royce Pollard,FA,WR,0/0,0,0,0,0,0,0,0,0,0,0
1202,Eric Lair,FA,TE,0/0,0,0,0,0,0,0,0,0,0,0
1203,Carson Wiggs,Sea,K,0/0,0,0,0,0,0,0,0,0,0,0
1204,Jermaine Kearse,Sea,WR,0/0,0,0,0,0,0,0,0,0,0,0
1205,Lavasier Tuinei,Sea,WR,0/0,0,0,0,0,0,0,0,0,0,0
1206,Nick Johnson,StL,WR,0/0,0,0,0,0,0,0,0,0,0,0
1207,Mike Brown,Jac,WR,0/0,0,0,0,0,0,0,0,0,0,0
1208,Nicholas Cooper,FA,RB,0/0,0,0,0,0,0,0,0,0,0,0
1209,Travaris Cadet,NO,RB,0/0,0,0,0,0,0,0,0,0,0,0
1210,Brad Herman,FA,TE,0/0,0,0,0,0,0,0,0,0,0,0
1211,Pat Edwards,Det,WR,0/0,0,0,0,0,0,0,0,0,0,0
1212,Derek Dimke,TB,K,0/0,0,0,0,0,0,0,0,0,0,0
1213,Alex Gottlieb,Ari,TE,0/0,0,0,0,0,0,0,0,0,0,0
1214,Austin Wells,FA,TE,0/0,0,0,0,0,0,0,0,0,0,0
1215,Bobby Rainey,Bal,RB,0/0,0,0,0,0,0,0,0,0,0,0
1216,Deonte Thompson,Bal,WR,0/0,0,0,0,0,0,0,0,0,0,0
1217,Jared Green,Dal,WR,0/0,0,0,0,0,0,0,0,0,0,0
1218,Sean McGrath,Sea,TE,0/0,0,0,0,0,0,0,0,0,0,0
1219,Tarren Lloyd,FA,TE,0/0,0,0,0,0,0,0,0,0,0,0
1220,David Douglas,TB,WR,0/0,0,0,0,0,0,0,0,0,0,0
1221,Dorian Graham,FA,WR,0/0,0,0,0,0,0,0,0,0,0,0
1222,LaRon Byrd,Ari,WR,0/0,0,0,0,0,0,0,0,0,0,0
1223,Nate Eachus,FA,RB,0/0,0,0,0,0,0,0,0,0,0,0
1224,Josh Bellamy,KC,WR,0/0,0,0,0,0,0,0,0,0,0,0
1225,Brittan Golden,Chi,WR,0/0,0,0,0,0,0,0,0,0,0,0
1226,Jeremy Stewart,Oak,RB,0/0,0,0,0,0,0,0,0,0,0,0
1227,Tray Session,Oak,WR,0/0,0,0,0,0,0,0,0,0,0,0
1228,Jared Crank,FA,RB,0/0,0,0,0,0,0,0,0,0,0,0
1229,Jarrett Lee,FA,QB,0/0,0,0,0,0,0,0,0,0,0,0
1230,Brandon Venson,FA,TE,0/0,0,0,0,0,0,0,0,0,0,0
1231,Logan Brock,FA,TE,0/0,0,0,0,0,0,0,0,0,0,0
1232,Curenski Gilleylen,FA,WR,0/0,0,0,0,0,0,0,0,0,0,0
1233,Kyle Efaw,FA,TE,0/0,0,0,0,0,0,0,0,0,0,0
1234,Adonis Thomas,FA,RB,0/0,0,0,0,0,0,0,0,0,0,0
1235,Emil Igwenagu,Phi,TE,0/0,0,0,0,0,0,0,0,0,0,0
1236,Bruce Figgins,FA,TE,0/0,0,0,0,0,0,0,0,0,0,0
1237,Matt Balasavage,FA,TE,0/0,0,0,0,0,0,0,0,0,0,0
1238,Wallace Miles,FA,WR,0/0,0,0,0,0,0,0,0,0,0,0
1239,Damaris Johnson,Phi,WR,0/0,0,0,0,0,0,0,0,0,0,0
1240,Jerrell Jackson,Chi,WR,0/0,0,0,0,0,0,0,0,0,0,0
1241,Jason Ford,FA,RB,0/0,0,0,0,0,0,0,0,0,0,0
1242,Jonathan Grimes,Jac,RB,0/0,0,0,0,0,0,0,0,0,0,0
1243,Eddy Carmona,Oak,K,0/0,0,0,0,0,0,0,0,0,0,0
1244,Jourdan Brooks,FA,RB,0/0,0,0,0,0,0,0,0,0,0,0
1245,Chase Ford,Min,TE,0/0,0,0,0,0,0,0,0,0,0,0
1246,Mike Willie,SD,WR,0/0,0,0,0,0,0,0,0,0,0,0
1247,Jamize Olawale,Oak,RB,0/0,0,0,0,0,0,0,0,0,0,0
1248,Joe Anderson,Chi,WR,0/0,0,0,0,0,0,0,0,0,0,0
1249,Cooper Helfet,Sea,TE,0/0,0,0,0,0,0,0,0,0,0,0
1250,Danny Hrapmann,Pit,K,0/0,0,0,0,0,0,0,0,0,0,0
1251,Brandon Bostick,GB,TE,0/0,0,0,0,0,0,0,0,0,0,0
1252,Alex Tanney,Dal,QB,0/0,0,0,0,0,0,0,0,0,0,0
1253,Lamont Bryant,Car,WR,0/0,0,0,0,0,0,0,0,0,0,0
1254,Larry Donnell,NYG,TE,0/0,0,0,0,0,0,0,0,0,0,0
1255,William Green,FA,RB,0/0,0,0,0,0,0,0,0,0,0,0
1256,Zach Brown,Buf,RB,0/0,0,0,0,0,0,0,0,0,0,0
1257,Duane Bennett,FA,RB,0/0,0,0,0,0,0,0,0,0,0,0
1258,Lance Lewis,Wsh,WR,0/0,0,0,0,0,0,0,0,0,0,0
1259,Jeff Demps,TB,RB,0/0,0,0,0,0,0,0,0,0,0,0
1260,Ifeanyi Momah,Phi,WR,0/0,0,0,0,0,0,0,0,0,0,0
1261,Havard Rugland,Det,K,0/0,0,0,0,0,0,0,0,0,0,0
1262,Austin Signor,Chi,K,0/0,0,0,0,0,0,0,0,0,0,0
1263,Charles Johnson,GB,WR,0/0,0,0,0,0,0,0,0,0,0,0
1264,Ryan Griffin,Hou,TE,0/0,0,0,0,0,0,0,0,0,0,0
1265,D.C. Jefferson,Ari,TE,0/0,0,0,0,0,0,0,0,0,0,0
1266,Sean Renfree,Atl,QB,0/0,0,0,0,0,0,0,0,0,0,0
1267,Brice Butler,Oak,WR,0/0,0,0,0,0,0,0,0,0,0,0
1268,B.J. Daniels,SF,QB,0/0,0,0,0,0,0,0,0,0,0,0
1269,Kevin Dorsey,GB,WR,0/0,0,0,0,0,0,0,0,0,0,0
1270,Michael Williams,Det,TE,0/0,0,0,0,0,0,0,0,0,0,0
1271,Tavarres King,Den,WR,0/0,0,0,0,0,0,0,0,0,0,0
1272,Michael Cox,NYG,RB,0/0,0,0,0,0,0,0,0,0,0,0
1273,Zac Dysert,Den,QB,0/0,0,0,0,0,0,0,0,0,0,0
1274,Aaron Mellette,Bal,WR,0/0,0,0,0,0,0,0,0,0,0,0
1275,Chris Thompson,Wsh,RB,0/0,0,0,0,0,0,0,0,0,0,0
1276,Braden Wilson,KC,RB,0/0,0,0,0,0,0,0,0,0,0,0
1277,Tommy Bohanon,NYJ,RB,0/0,0,0,0,0,0,0,0,0,0,0
1278,Cobi Hamilton,Cin,WR,0/0,0,0,0,0,0,0,0,0,0,0
1279,Ryan Swope,Ari,WR,0/0,0,0,0,0,0,0,0,0,0,0
1280,Justice Cunningham,Ind,TE,0/0,0,0,0,0,0,0,0,0,0,0
1281,Theo Riddick,Det,WR,0/0,0,0,0,0,0,0,0,0,0,0
1282,Kyle Juszczyk,Bal,RB,0/0,0,0,0,0,0,0,0,0,0,0
1283,Alan Bonner,Hou,WR,0/0,0,0,0,0,0,0,0,0,0,0
1284,Chris Harper,Sea,WR,0/0,0,0,0,0,0,0,0,0,0,0
1285,Justin Brown,Pit,WR,0/0,0,0,0,0,0,0,0,0,0,0
1286,Brad Sorensen,SD,QB,0/0,0,0,0,0,0,0,0,0,0,0
1287,Jawan Jamison,Wsh,RB,0/0,0,0,0,0,0,0,0,0,0,0
1288,Spencer Ware,Sea,RB,0/0,0,0,0,0,0,0,0,0,0,0
1289,Marquess Wilson,Chi,WR,0/0,0,0,0,0,0,0,0,0,0,0
1290,C.J. Anderson,Den,RB,0/0,0,0,0,0,0,0,0,0,0,0
1291,Matt Austin,FA,WR,0/0,0,0,0,0,0,0,0,0,0,0
1292,Kemonte' Bateman,Den,WR,0/0,0,0,0,0,0,0,0,0,0,0
1293,Jasper Collins,Mia,WR,0/0,0,0,0,0,0,0,0,0,0,0
1294,Ben Cotton,SD,TE,0/0,0,0,0,0,0,0,0,0,0,0
1295,Benny Cunningham,StL,RB,0/0,0,0,0,0,0,0,0,0,0,0
1296,Chris Denton,TB,WR,0/0,0,0,0,0,0,0,0,0,0,0
1297,Reggie Dunn,Pit,WR,0/0,0,0,0,0,0,0,0,0,0,0
1298,Michael Edwards,FA,WR,0/0,0,0,0,0,0,0,0,0,0,0
1299,Courtney Gardner,FA,WR,0/0,0,0,0,0,0,0,0,0,0,0
1300,Kendall Gaskins,Buf,RB,0/0,0,0,0,0,0,0,0,0,0,0
1301,Michael Hill,SD,RB,0/0,0,0,0,0,0,0,0,0,0,0
1302,Murphy Holloway,FA,TE,0/0,0,0,0,0,0,0,0,0,0,0
1303,Ryan Katz,Den,QB,0/0,0,0,0,0,0,0,0,0,0,0
1304,Collin Klein,FA,QB,0/0,0,0,0,0,0,0,0,0,0,0
1305,John Laub,FA,QB,0/0,0,0,0,0,0,0,0,0,0,0
1306,Quincy McDuffie,Den,WR,0/0,0,0,0,0,0,0,0,0,0,0
1307,Curtis McNeal,Pit,RB,0/0,0,0,0,0,0,0,0,0,0,0
1308,Steven Miller,Det,RB,0/0,0,0,0,0,0,0,0,0,0,0
1309,Keavon Milton,NO,TE,0/0,0,0,0,0,0,0,0,0,0,0
1310,Angelo Pease,GB,RB,0/0,0,0,0,0,0,0,0,0,0,0
1311,Lucas Reed,Den,TE,0/0,0,0,0,0,0,0,0,0,0,0
1312,David Rolf,SD,TE,0/0,0,0,0,0,0,0,0,0,0,0
1313,Travis Tannahill,Cle,TE,0/0,0,0,0,0,0,0,0,0,0,0
1314,Luke Tasker,SD,WR,0/0,0,0,0,0,0,0,0,0,0,0
1315,Lamaar Thomas,Den,WR,0/0,0,0,0,0,0,0,0,0,0,0
1316,Dominique Whaley,FA,RB,0/0,0,0,0,0,0,0,0,0,0,0
1317,J.D. Woods,Pit,WR,0/0,0,0,0,0,0,0,0,0,0,0
1318,Matt Brown,GB,QB,0/0,0,0,0,0,0,0,0,0,0,0
1319,Ryan Griffin,NO,QB,0/0,0,0,0,0,0,0,0,0,0,0
1320,Mark Harrison,NE,WR,0/0,0,0,0,0,0,0,0,0,0,0
1321,Jordan Rodgers,Jac,QB,0/0,0,0,0,0,0,0,0,0,0,0
1322,Matt Scott,Jac,QB,0/0,0,0,0,0,0,0,0,0,0,0
1323,Seth Doege,Atl,QB,0/0,0,0,0,0,0,0,0,0,0,0
1324,Miguel Maysonet,Cle,RB,0/0,0,0,0,0,0,0,0,0,0,0
1325,Russell Shepard,Phi,WR,--/--,--,--,--,--,--,--,--,--,--,--
1326,Jeff Tuel,Buf,QB,0/0,0,0,0,0,0,0,0,0,0,0
1327,Quinn Sharp,Cin,K,0/0,0,0,0,0,0,0,0,0,0,0
1328,Mike Hermann,SD,QB,0/0,0,0,0,0,0,0,0,0,0,0
1329,James Vandenberg,Min,QB,0/0,0,0,0,0,0,0,0,0,0,0
1330,Zach Line,Min,RB,--/--,--,--,--,--,--,--,--,--,--,--
1331,Colby Cameron,Car,QB,0/0,0,0,0,0,0,0,0,0,0,0
1332,Dalton Williams,Dal,QB,0/0,0,0,0,0,0,0,0,0,0,0
1333,George Winn,NE,RB,0/0,0,0,0,0,0,0,0,0,0,0
1334,Dennis Johnson,Hou,RB,0/0,0,0,0,0,0,0,0,0,0,0
1335,Caleb TerBush,Ari,QB,0/0,0,0,0,0,0,0,0,0,0,0
1336,Tim Jenkins,StL,QB,0/0,0,0,0,0,0,0,0,0,0,0
1337,Matthew McGloin,Oak,QB,0/0,0,0,0,0,0,0,0,0,0,0
1338,Tyler Bray,KC,QB,--/--,--,--,--,--,--,--,--,--,--,--
1339,Conner Vernon,Oak,WR,--/--,--,--,--,--,--,--,--,--,--,--
1340,Fozzy Whittaker,SD,RB,--/--,--,--,--,--,--,--,--,--,--,--
